Source File	Size	loadResources	load	generateSnapshots	load-configure	scan	loadDepInfo	loadInfo	checkR4R4B	generateNarratives	validate	loadLists	checkConformanceResources	checkConformanceResources2	checkConformanceResources3	generateLogicalMaps	validateExpressions	scanForUsageStats	checkURLsUnique	processProvenanceDetails	generate1	generate2	generateLogicals	makeDependencies	generateExampleZip	generateValidationPack	scanProfilesForR5	scanExamplesForR5
/fsh-generated/resources/ImplementationGuide-ths-greifswald.ttp-fhir-gw.epix.json	13401	-	0	0	0	0	0	0	7	38	0	0	0	0	0	0	0	1	0	0	56	77	0	0	0	6	0	2
fsh-generated/resources/Bundle-Bundle-QueryPossibleMatches-response-example-1.json	3456	3	10	0	1	0	0	0	1	0	0	0	0	0	0	0	0	0	0	0	14	8	0	0	0	0	0	0
fsh-generated/resources/CodeSystem-MatchCreationTypeCS.json	812	1	0	0	0	0	0	0	0	6	0	0	0	0	0	0	0	0	1	0	7	50	0	0	0	0	0	0
fsh-generated/resources/CodeSystem-MatchPriorityCS.json	672	1	0	0	0	0	0	0	0	2	0	0	0	0	0	0	0	0	0	0	5	38	0	0	0	1	0	0
fsh-generated/resources/OperationDefinition-AddPatient.json	3755	11	0	0	0	0	0	0	0	138	0	0	0	0	0	0	0	0	0	0	9	11	0	1	0	0	0	0
fsh-generated/resources/OperationDefinition-AddPossibleMatchForIdentity.json	1833	1	0	0	0	0	0	0	1	3	0	0	0	0	0	0	0	0	0	0	6	5	0	0	0	1	0	0
fsh-generated/resources/OperationDefinition-AddPossibleMatchForPerson.json	1844	1	0	0	0	0	0	0	0	3	0	0	0	0	0	0	0	0	0	0	6	5	0	0	0	0	0	0
fsh-generated/resources/OperationDefinition-AssignIdentity.json	1808	1	0	0	0	0	0	0	0	2	0	0	0	0	0	0	0	0	0	0	6	5	0	0	0	0	0	0
fsh-generated/resources/OperationDefinition-AssignIdentityByIdentifier.json	1988	0	0	0	0	0	0	0	1	3	0	0	0	0	0	0	0	0	0	0	6	27	0	0	0	1	0	0
fsh-generated/resources/OperationDefinition-QueryPossibleMatches.json	1721	1	0	0	0	0	0	0	0	2	0	0	0	0	0	0	0	0	0	0	6	4	0	0	0	0	0	0
fsh-generated/resources/OperationDefinition-RemovePossibleMatches.json	1475	1	0	0	0	0	0	0	0	3	0	0	0	0	0	0	0	0	0	0	5	4	0	0	0	0	0	0
fsh-generated/resources/OperationDefinition-SetReferenceIdentity.json	2222	1	0	0	0	0	0	0	0	2	0	0	0	0	0	0	0	0	0	0	6	5	0	0	0	1	0	1
fsh-generated/resources/OperationDefinition-UpdatePatient.json	2542	0	0	0	0	0	0	0	1	6	0	0	0	0	0	0	0	0	0	0	8	6	0	0	0	0	0	0
fsh-generated/resources/OperationOutcome-AssignIdentityByIdentifier-response-example1.json	430	1	0	0	0	0	0	0	0	52	0	0	0	0	0	0	0	0	0	0	2	7	0	0	0	0	0	0
fsh-generated/resources/OperationOutcome-OperationOutcome-AssignIdentity-response-example-1.json	267	1	0	0	0	0	0	0	0	1	0	0	0	0	0	0	0	0	0	0	3	2	0	0	0	0	0	0
fsh-generated/resources/OperationOutcome-OperationOutcome-RemovePossibleMatches-response-example-1.json	255	0	0	0	0	0	0	0	0	1	0	0	0	0	0	0	0	0	0	0	3	2	0	0	0	0	0	0
fsh-generated/resources/Parameters-Parameters-AddPatient-request-example-1.json	1620	1	0	0	0	0	0	0	0	0	0	0	0	0	0	0	0	1	0	0	3	63	0	0	0	0	0	0
fsh-generated/resources/Parameters-Parameters-AddPatient-response-example-1.json	4158	2	0	0	0	0	0	0	0	0	0	0	0	0	0	0	0	0	0	0	4	71	0	0	0	0	0	0
fsh-generated/resources/Parameters-Parameters-AddPossibleMatchForIdentity-request-example-1.json	337	0	0	0	0	0	0	0	1	0	0	0	0	0	0	0	0	0	0	0	2	1	0	0	0	0	0	0
fsh-generated/resources/Parameters-Parameters-AddPossibleMatchForIdentity-response-example-1.json	2426	1	0	0	0	0	0	0	0	0	0	0	0	0	0	0	0	0	0	0	4	4	0	0	0	0	0	0
fsh-generated/resources/Parameters-Parameters-AddPossibleMatchForPerson-request-example-1.json	563	1	0	0	0	0	0	0	0	0	0	0	0	0	0	0	0	0	0	0	2	2	0	0	0	0	0	0
fsh-generated/resources/Parameters-Parameters-AddPossibleMatchForPerson-response-example-1.json	2424	0	0	0	0	0	0	0	0	0	0	0	0	0	0	0	0	0	0	0	3	4	0	0	0	0	0	0
fsh-generated/resources/Parameters-Parameters-AssignIdentity-request-example-1.json	370	1	0	0	0	0	0	0	0	0	0	0	0	0	0	0	0	0	0	0	2	2	0	0	0	0	0	0
fsh-generated/resources/Parameters-Parameters-AssignIdentityByIdentifier-request-example-1.json	664	0	0	0	0	0	0	0	0	0	0	0	0	0	0	0	0	0	0	0	3	3	0	0	0	0	0	0
fsh-generated/resources/Parameters-Parameters-MatchParametersProfile-example-1.json	2427	1	0	0	0	0	0	0	1	0	0	0	0	0	0	0	0	0	0	0	3	4	0	0	0	0	0	0
fsh-generated/resources/Parameters-Parameters-QueryPossibleMatches-request-example-1.json	369	0	0	0	0	0	0	0	0	0	0	0	0	0	0	0	0	0	0	0	2	2	0	0	0	0	0	0
fsh-generated/resources/Parameters-Parameters-RemovePossibleMatches-request-example-1.json	381	1	0	0	0	0	0	0	0	0	0	0	0	0	0	0	0	0	0	0	2	3	0	0	0	0	0	0
fsh-generated/resources/Parameters-Parameters-SetReferenceIdentity-request-example-1.json	531	0	0	0	0	0	0	0	0	0	0	0	0	0	0	0	0	0	0	0	2	2	0	0	0	0	0	0
fsh-generated/resources/Parameters-Parameters-SetReferenceIdentity-response-example-1.json	2259	1	0	0	0	0	0	0	0	0	0	0	0	0	0	0	0	0	0	0	3	9	0	0	0	0	0	0
fsh-generated/resources/Parameters-Parameters-UpdatePatient-request-example-1.json	1041	1	0	0	0	0	0	0	0	0	0	0	0	0	0	0	0	0	0	0	3	2	0	0	0	0	0	0
fsh-generated/resources/Parameters-Parameters-UpdatePatient-response-example-1.json	2562	0	0	0	0	0	0	0	1	0	1	0	0	0	0	0	0	0	0	0	3	38	0	0	0	0	0	0
fsh-generated/resources/Patient-Patient-example-1.json	658	1	0	0	0	0	0	0	0	247	0	0	0	0	0	0	0	0	0	0	3	3	0	0	0	0	0	0
fsh-generated/resources/Patient-Patient-example-2.json	1645	0	0	0	1	0	0	0	0	3	0	0	0	0	0	0	0	0	0	0	5	5	0	0	0	0	0	0
fsh-generated/resources/Person-Person-example-1.json	651	0	0	0	0	0	0	0	0	5	0	0	0	0	0	0	0	0	0	0	3	5	0	0	0	0	0	0
fsh-generated/resources/StructureDefinition-CustomIdatValues.json	36389	5	0	63	0	0	0	0	3	234	0	0	0	0	0	0	0	2	0	0	626	1094	0	0	0	55	0	4
fsh-generated/resources/StructureDefinition-Patient.json	17047	4	0	68	0	0	0	0	0	1346	0	0	1	0	0	0	0	2	0	0	246	726	0	0	0	24	0	2
fsh-generated/resources/StructureDefinition-Person.json	8710	2	0	42	0	0	0	0	0	37	0	0	0	0	0	0	0	1	0	0	139	461	0	0	0	14	0	2
fsh-generated/resources/StructureDefinition-match-parameters-profile.json	5959	1	0	26	0	0	0	0	0	20	0	0	0	0	0	0	0	1	0	0	101	261	0	0	0	8	0	0
fsh-generated/resources/ValueSet-MatchCreationTypeVS.json	490	1	0	0	0	0	0	0	1	21	0	0	0	0	0	0	0	0	0	0	7	149	0	0	0	0	0	0
fsh-generated/resources/ValueSet-MatchPriorityVS.json	469	1	0	0	0	0	0	0	0	2	0	0	0	0	0	0	0	0	0	0	6	37	0	0	0	0	0	0
/input/includes/artifacts-table-generator.html	1449	-	-	-	0	0	0	0	0	0	0	0	0	0	0	0	0	0	0	0	0	0	0	0	0	0	0	0
/fsh-generated/includes/fsh-link-references.md	3471	-	-	-	0	0	0	0	0	0	0	0	0	0	0	0	0	0	0	0	0	1	0	0	0	0	0	0
/fsh-generated/includes/menu.xml	2864	-	-	-	0	0	0	0	0	0	0	0	0	0	0	0	0	0	0	0	0	0	0	0	0	0	0	0
/input/pagecontent/Allgemein.md	4070	-	-	-	0	0	0	0	0	0	0	0	0	0	0	0	0	0	0	0	0	0	0	0	0	0	0	0
/input/pagecontent/OperationDefinition-AddPossibleMatchForIdentity-intro.md	107	-	-	-	0	0	0	0	0	0	0	0	0	0	0	0	0	0	0	0	0	0	0	0	0	0	0	0
/input/pagecontent/OperationDefinition-AddPatient-intro.md	508	-	-	-	0	0	0	0	0	0	0	0	0	0	0	0	0	0	0	0	0	0	0	0	0	0	0	0
/input/pagecontent/OperationDefinition-AddPossibleMatchForPerson-notes.md	1095	-	-	-	0	0	0	0	0	0	0	0	0	0	0	0	0	0	0	0	0	0	0	0	0	0	0	0
/input/pagecontent/OperationDefinition-QueryPossibleMatches-intro.md	133	-	-	-	0	0	0	0	0	0	0	0	0	0	0	0	0	0	0	0	0	0	0	0	0	0	0	0
/input/pagecontent/OperationDefinition-AssignIdentityByIdentifier-intro.md	205	-	-	-	0	0	0	0	0	0	0	0	0	0	0	0	0	0	0	0	0	0	0	0	0	0	0	0
/input/pagecontent/Extensions.md	545	-	-	-	0	0	0	0	0	0	0	0	0	0	0	0	0	0	0	0	0	0	0	0	0	1	0	0
/input/pagecontent/index.md	1380	-	-	-	0	0	0	0	0	0	0	0	0	0	0	0	0	0	0	0	0	0	0	0	0	0	0	0
/input/pagecontent/Suche.md	4728	-	-	-	0	0	0	0	0	0	0	0	0	0	0	0	0	0	0	0	0	0	0	0	0	0	0	0
/input/pagecontent/OperationDefinition-AddPossibleMatchForPerson-intro.md	103	-	-	-	0	0	0	0	0	0	0	0	0	0	0	0	0	0	0	0	0	0	0	0	0	0	0	0
/input/pagecontent/OperationDefinition-SetReferenceIdentity-notes.md	1463	-	-	-	0	0	0	0	0	0	0	0	0	0	0	0	0	0	0	0	0	0	0	0	0	0	0	0
/input/pagecontent/OperationDefinition-QueryPossibleMatches-notes.md	1480	-	-	-	0	0	0	0	0	0	0	0	0	0	0	0	0	0	0	0	0	1	0	0	0	0	0	0
/input/pagecontent/OperationDefinition-AddPatient-notes.md	1459	-	-	-	0	0	0	0	0	0	0	0	0	0	0	0	0	0	0	0	0	0	0	0	0	0	0	0
/input/pagecontent/OperationDefinition-AddPossibleMatchForIdentity-notes.md	1101	-	-	-	0	0	0	0	0	0	0	0	0	0	0	0	0	0	0	0	0	0	0	0	0	0	0	0
/input/pagecontent/OperationDefinition-AssignIdentityByIdentifier-notes.md	1183	-	-	-	0	0	0	0	0	0	0	0	0	0	0	0	0	0	0	0	0	0	0	0	0	0	0	0
/input/pagecontent/Terminologie.md	1412	-	-	-	0	0	0	0	0	0	0	0	0	0	0	0	0	0	0	0	0	0	0	0	0	0	0	0
/input/pagecontent/OperationDefinition-RemovePossibleMatches-intro.md	62	-	-	-	0	0	0	0	0	0	0	0	0	0	0	0	0	0	0	0	0	0	0	0	0	0	0	0
/input/pagecontent/OperationDefinition-RemovePossibleMatches-notes.md	1011	-	-	-	0	0	0	0	0	0	0	0	0	0	0	0	0	0	0	0	0	0	0	0	0	0	0	0
/input/pagecontent/OperationDefinition-AssignIdentity-notes.md	981	-	-	-	0	0	0	0	0	0	0	0	0	0	0	0	0	0	0	0	0	0	0	0	0	0	0	0
/input/pagecontent/OperationDefinition-AssignIdentity-intro.md	203	-	-	-	0	0	0	0	0	0	0	0	0	0	0	0	0	0	0	0	0	0	0	0	0	0	0	0
/input/pagecontent/OperationDefinition-SetReferenceIdentity-intro.md	182	-	-	-	0	0	0	0	0	0	0	0	0	0	0	0	0	0	0	0	0	0	0	0	0	0	0	0
/input/pagecontent/OperationDefinition-UpdatePatient-notes.md	1398	-	-	-	0	0	0	0	0	0	0	0	0	0	0	0	0	0	0	0	0	0	0	0	0	0	0	0
/input/pagecontent/OperationDefinition-UpdatePatient-intro.md	197	-	-	-	0	0	0	0	0	0	0	0	0	0	0	0	0	0	0	0	0	0	0	0	0	0	0	0
/template/config	0	-	-	-	0	0	0	0	0	0	0	0	0	0	0	0	0	0	0	0	0	0	0	0	0	0	0	0
/template/config/_config.yml	140	-	-	-	0	0	0	0	0	0	0	0	0	0	0	0	0	0	0	0	0	0	0	0	0	0	0	0
/temp/pages/_includes/artifacts.xml	19221	-	-	-	-	-	-	-	-	-	-	-	-	-	-	-	-	-	-	-	-	1	0	0	0	0	0	0
