<?xml version="1.0" encoding="UTF-8"?><OperationDefinition xmlns="http://hl7.org/fhir"><id value="AssignIdentity"/><text><status value="generated"/><div xmlns="http://www.w3.org/1999/xhtml"><p class="res-header-id"><b>Generated Narrative: OperationDefinition AssignIdentity</b></p><a name="AssignIdentity"> </a><a name="hcAssignIdentity"> </a><p>URL: [base]/$assignIdentity</p><h3>Parameters</h3><table class="grid"><tr><td><b>Use</b></td><td><b>Name</b></td><td><b>Scope</b></td><td><b>Cardinality</b></td><td><b>Type</b></td><td><b>Binding</b></td><td><b>Documentation</b></td></tr><tr><td>IN</td><td>domain</td><td/><td>1..1</td><td><a href="http://hl7.org/fhir/R4/datatypes.html#string">string</a></td><td/><td><div><p>Angabe der Matching-Domäne</p>
</div></td></tr><tr><td>IN</td><td>linkId</td><td/><td>1..1</td><td><a href="http://hl7.org/fhir/R4/datatypes.html#integer">integer</a></td><td/><td><div><p>Link-ID des Matches (Dubletteneintrag). Ermittelbar mittels Operation queryPossibleMatches.</p>
</div></td></tr><tr><td>IN</td><td>identityReference</td><td/><td>1..1</td><td><a href="http://hl7.org/fhir/R4/references.html#Reference">Reference</a></td><td/><td><div><p>Referenz zur korrekten Ausprägung (Identität, Match-Item, Patient-Ressource), die das Ziel der Verschiebung ist.</p>
</div></td></tr><tr><td>IN</td><td>comment</td><td/><td>0..1</td><td><a href="http://hl7.org/fhir/R4/datatypes.html#string">string</a></td><td/><td><div><p>Anmerkung zum Änderungsvorgang</p>
</div></td></tr><tr><td>OUT</td><td>return</td><td/><td>1..1</td><td><a href="http://hl7.org/fhir/R4/operationoutcome.html">OperationOutcome</a></td><td/><td><div><p>Rückinformation zum Merge-Vorgang.</p>
</div></td></tr></table></div></text><url value="https://ths-greifswald.de/fhir/OperationDefinition/epix/AssignIdentity"/><version value="2025.1.0"/><name value="AssignIdentity"/><title value="assignIdentity"/><status value="draft"/><kind value="operation"/><date value="2025-06-12"/><publisher value="Unabhängige Treuhandstelle der Universitätsmedizin Greifswald"/><contact><name value="Unabhängige Treuhandstelle der Universitätsmedizin Greifswald"/><telecom><system value="url"/><value value="https://www.ths-greifswald.de/"/></telecom></contact><description value="Verschiebt die Zuordnung einer Identität zu einer Person (MPI-Eintrag) auf eine andere Person, um eine erkannte Dublette (Match Result) zu beheben."/><affectsState value="true"/><code value="assignIdentity"/><system value="true"/><type value="false"/><instance value="false"/><parameter><name value="domain"/><use value="in"/><min value="1"/><max value="1"/><documentation value="Angabe der Matching-Domäne"/><type value="string"/></parameter><parameter><name value="linkId"/><use value="in"/><min value="1"/><max value="1"/><documentation value="Link-ID des Matches (Dubletteneintrag). Ermittelbar mittels Operation queryPossibleMatches."/><type value="integer"/></parameter><parameter><name value="identityReference"/><use value="in"/><min value="1"/><max value="1"/><documentation value="Referenz zur korrekten Ausprägung (Identität, Match-Item, Patient-Ressource), die das Ziel der Verschiebung ist."/><type value="Reference"/></parameter><parameter><name value="comment"/><use value="in"/><min value="0"/><max value="1"/><documentation value="Anmerkung zum Änderungsvorgang"/><type value="string"/></parameter><parameter><name value="return"/><use value="out"/><min value="1"/><max value="1"/><documentation value="Rückinformation zum Merge-Vorgang."/><type value="OperationOutcome"/></parameter></OperationDefinition>