<?xml version="1.0" encoding="UTF-8"?><OperationDefinition xmlns="http://hl7.org/fhir"><id value="AssignIdentityByIdentifier"/><text><status value="generated"/><div xmlns="http://www.w3.org/1999/xhtml"><p class="res-header-id"><b>Generated Narrative: OperationDefinition AssignIdentityByIdentifier</b></p><a name="AssignIdentityByIdentifier"> </a><a name="hcAssignIdentityByIdentifier"> </a><p>URL: [base]/$assignIdentityByIdentifier</p><h3>Parameters</h3><table class="grid"><tr><td><b>Use</b></td><td><b>Name</b></td><td><b>Scope</b></td><td><b>Cardinality</b></td><td><b>Type</b></td><td><b>Binding</b></td><td><b>Documentation</b></td></tr><tr><td>IN</td><td>domain</td><td/><td>1..1</td><td><a href="http://hl7.org/fhir/R4/datatypes.html#string">string</a></td><td/><td><div><p>Angabe der Matching-Domäne</p>
</div></td></tr><tr><td>IN</td><td>identityIdentifier</td><td/><td>1..1</td><td><a href="http://hl7.org/fhir/R4/datatypes.html#Identifier">Identifier</a></td><td/><td><div><p>Identifier der zu verschiebenden Identität (Patient-Ressource).</p>
</div></td></tr><tr><td>IN</td><td>mpiIdentifier</td><td/><td>1..1</td><td><a href="http://hl7.org/fhir/R4/datatypes.html#Identifier">Identifier</a></td><td/><td><div><p>Identifikator des MPI-Eintrags (MPI-ID)</p>
</div></td></tr><tr><td>IN</td><td>comment</td><td/><td>0..1</td><td><a href="http://hl7.org/fhir/R4/datatypes.html#string">string</a></td><td/><td><div><p>Anmerkung zum Änderungsvorgang</p>
</div></td></tr><tr><td>OUT</td><td>return</td><td/><td>1..1</td><td><a href="http://hl7.org/fhir/R4/operationoutcome.html">OperationOutcome</a></td><td/><td><div><p>Rückinformation zum Merge-Vorgang.</p>
</div></td></tr></table></div></text><url value="https://ths-greifswald.de/fhir/OperationDefinition/epix/AssignIdentityByIdentifier"/><version value="2025.1.0"/><name value="AssignIdentityByIdentifier"/><title value="assignIdentityByIdentifier"/><status value="draft"/><kind value="operation"/><date value="2025-06-12"/><publisher value="Unabhängige Treuhandstelle der Universitätsmedizin Greifswald"/><contact><name value="Unabhängige Treuhandstelle der Universitätsmedizin Greifswald"/><telecom><system value="url"/><value value="https://www.ths-greifswald.de/"/></telecom></contact><description value="Verschiebt die Zuordnung einer Identität zu einer Person (MPI-Eintrag) auf eine andere Person. Selektionsparameter ist ein Identifier der Identität."/><affectsState value="true"/><code value="assignIdentityByIdentifier"/><system value="true"/><type value="false"/><instance value="false"/><parameter><name value="domain"/><use value="in"/><min value="1"/><max value="1"/><documentation value="Angabe der Matching-Domäne"/><type value="string"/></parameter><parameter><name value="identityIdentifier"/><use value="in"/><min value="1"/><max value="1"/><documentation value="Identifier der zu verschiebenden Identität (Patient-Ressource)."/><type value="Identifier"/></parameter><parameter><name value="mpiIdentifier"/><use value="in"/><min value="1"/><max value="1"/><documentation value="Identifikator des MPI-Eintrags (MPI-ID)"/><type value="Identifier"/></parameter><parameter><name value="comment"/><use value="in"/><min value="0"/><max value="1"/><documentation value="Anmerkung zum Änderungsvorgang"/><type value="string"/></parameter><parameter><name value="return"/><use value="out"/><min value="1"/><max value="1"/><documentation value="Rückinformation zum Merge-Vorgang."/><type value="OperationOutcome"/></parameter></OperationDefinition>