<?xml version="1.0" encoding="UTF-8"?><OperationDefinition xmlns="http://hl7.org/fhir"><id value="UpdatePatient"/><text><status value="generated"/><div xmlns="http://www.w3.org/1999/xhtml"><p class="res-header-id"><b>Generated Narrative: OperationDefinition UpdatePatient</b></p><a name="UpdatePatient"> </a><a name="hcUpdatePatient"> </a><p>URL: [base]/$updatePatient</p><h3>Parameters</h3><table class="grid"><tr><td><b>Use</b></td><td><b>Name</b></td><td><b>Scope</b></td><td><b>Cardinality</b></td><td><b>Type</b></td><td><b>Binding</b></td><td><b>Documentation</b></td></tr><tr><td>IN</td><td>domain</td><td/><td>1..1</td><td><a href="http://hl7.org/fhir/R4/datatypes.html#string">string</a></td><td/><td><div><p>Angabe der Matchingdomain</p>
</div></td></tr><tr><td>IN</td><td>source</td><td/><td>1..1</td><td><a href="http://hl7.org/fhir/R4/datatypes.html#string">string</a></td><td/><td><div><p>Datenquelle</p>
</div></td></tr><tr><td>IN</td><td>mpiIdentifier</td><td/><td>1..1</td><td><a href="http://hl7.org/fhir/R4/datatypes.html#Identifier">Identifier</a></td><td/><td><div><p>Identifikator des MPI-Eintrags (MPI-ID)</p>
</div></td></tr><tr><td>IN</td><td>identity</td><td/><td>1..1</td><td><a href="http://hl7.org/fhir/R4/patient.html">Patient</a></td><td/><td><div><p>Patient-Ressource (analog zu der Patienten-Identität)</p>
</div></td></tr><tr><td>IN</td><td>force</td><td/><td>1..1</td><td><a href="http://hl7.org/fhir/R4/datatypes.html#boolean">boolean</a></td><td/><td/></tr><tr><td>OUT</td><td>matchStatus</td><td/><td>1..1</td><td><a href="http://hl7.org/fhir/R4/datatypes.html#Coding">Coding</a></td><td><a href="ValueSet-MatchStatusVS.html">MatchStatus</a> (Required)</td><td><div><p>Match-Status aus dem Matching der übermittelten Patienten-Identität</p>
</div></td></tr><tr><td>OUT</td><td>mpiPerson</td><td/><td>0..1</td><td><a href="http://hl7.org/fhir/R4/person.html">Person</a></td><td/><td><div><p>Person-Ressource, die den MPI-Eintrag repräsentiert.</p>
</div></td></tr><tr><td>OUT</td><td>identity</td><td/><td>0..*</td><td><a href="http://hl7.org/fhir/R4/patient.html">Patient</a></td><td/><td><div><p>Patient-Ressource (analog zu Patienten-Identität, referenziert aus dem MPI-Index der Personen-Ressource).</p>
</div></td></tr></table><div><p>Aktualisiert Patienten-Identitäten eines MPI-Eintrags.</p>
</div></div></text><url value="https://ths-greifswald.de/fhir/OperationDefinition/epix/UpdatePatient"/><version value="2025.1.0"/><name value="UpdatePatient"/><title value="updatePatient"/><status value="active"/><kind value="operation"/><date value="2025-06-12"/><publisher value="Unabhängige Treuhandstelle der Universitätsmedizin Greifswald"/><contact><name value="Unabhängige Treuhandstelle der Universitätsmedizin Greifswald"/><telecom><system value="url"/><value value="https://www.ths-greifswald.de/"/></telecom></contact><description value="Aktualisiert Patienten-Identitäten eines MPI-Eintrags."/><affectsState value="true"/><code value="updatePatient"/><comment value="Aktualisiert Patienten-Identitäten eines MPI-Eintrags."/><system value="true"/><type value="false"/><instance value="false"/><parameter><name value="domain"/><use value="in"/><min value="1"/><max value="1"/><documentation value="Angabe der Matchingdomain"/><type value="string"/></parameter><parameter><name value="source"/><use value="in"/><min value="1"/><max value="1"/><documentation value="Datenquelle"/><type value="string"/></parameter><parameter><name value="mpiIdentifier"/><use value="in"/><min value="1"/><max value="1"/><documentation value="Identifikator des MPI-Eintrags (MPI-ID)"/><type value="Identifier"/></parameter><parameter><name value="identity"/><use value="in"/><min value="1"/><max value="1"/><documentation value="Patient-Ressource (analog zu der Patienten-Identität)"/><type value="Patient"/></parameter><parameter><name value="force"/><use value="in"/><min value="1"/><max value="1"/><type value="boolean"/></parameter><parameter><name value="matchStatus"/><use value="out"/><min value="1"/><max value="1"/><documentation value="Match-Status aus dem Matching der übermittelten Patienten-Identität"/><type value="Coding"/><binding><strength value="required"/><valueSet value="https://ths-greifswald.de/fhir/ValueSet/epix/MatchStatus"/></binding></parameter><parameter><name value="mpiPerson"/><use value="out"/><min value="0"/><max value="1"/><documentation value="Person-Ressource, die den MPI-Eintrag repräsentiert."/><type value="Person"/></parameter><parameter><name value="identity"/><use value="out"/><min value="0"/><max value="*"/><documentation value="Patient-Ressource (analog zu Patienten-Identität, referenziert aus dem MPI-Index der Personen-Ressource)."/><type value="Patient"/></parameter></OperationDefinition>