<?xml version="1.0" encoding="UTF-8"?>

<Parameters xmlns="http://hl7.org/fhir">
  <id value="Parameters-SetReferenceIdentity-request-example-1"/>
  <parameter>
    <name value="comment"/>
    <valueString value="aufgrund neuerer Informationen"/>
  </parameter>
  <parameter>
    <name value="mpiId"/>
    <valueIdentifier>
      <system value="https://ths-greifswald.de/fhir/epix/identifier/MPI"/>
      <value value="1001000000066"/>
    </valueIdentifier>
  </parameter>
  <parameter>
    <name value="identityReference"/>
    <valueId value="53"/>
  </parameter>
</Parameters>