<?xml version="1.0" encoding="UTF-8"?>

<Patient xmlns="http://hl7.org/fhir">
  <id value="Patient-example-1"/>
  <meta>
    <lastUpdated value="2021-05-19T17:50:23.000+02:00"/>
    <profile value="http://fhir.de/ConsentManagement/StructureDefinition/Patient"/>
  </meta>
  <text>
    <status value="generated"/><div xmlns="http://www.w3.org/1999/xhtml"><p class="res-header-id"><b>Generated Narrative: Patient Patient-example-1</b></p><a name="Patient-example-1"> </a><a name="hcPatient-example-1"> </a><div style="display: inline-block; background-color: #d9e0e7; padding: 6px; margin: 4px; border: 1px solid #8da1b4; border-radius: 5px; line-height: 60%"><p style="margin-bottom: 0px">Last updated: 2021-05-19 17:50:23+0200</p><p style="margin-bottom: 0px">Profile: <a href="https://simplifier.net/resolve?scope=de.einwilligungsmanagement@2.0.0&amp;canonical=http://fhir.de/ConsentManagement/StructureDefinition/Patient">Consent Management: Patient</a></p></div><p style="border: 1px #661aff solid; background-color: #e6e6ff; padding: 10px;">Anonymous Patient (no stated gender), DoB Unknown ( Anonymous identifier: dic_1H51T)</p><hr/></div>
  </text>
  <identifier>
    <type>
      <coding>
        <system value="http://terminology.hl7.org/CodeSystem/v2-0203"/>
        <code value="ANON"/>
        <display value="Anonymous identifier"/>
      </coding>
    </type>
    <system value="https://ths-greifswald.de/fhir/gics/identifiers/Pseudonym"/>
    <value value="dic_1H51T"/>
  </identifier>
</Patient>