{
  "resourceType" : "OperationDefinition",
  "id" : "AddPatient",
  "text" : {
    "status" : "generated",
    "div" : "<div xmlns=\"http://www.w3.org/1999/xhtml\"><p class=\"res-header-id\"><b>Generated Narrative: OperationDefinition AddPatient</b></p><a name=\"AddPatient\"> </a><a name=\"hcAddPatient\"> </a><p>URL: [base]/$addPatient</p><h3>Parameters</h3><table class=\"grid\"><tr><td><b>Use</b></td><td><b>Name</b></td><td><b>Scope</b></td><td><b>Cardinality</b></td><td><b>Type</b></td><td><b>Binding</b></td><td><b>Documentation</b></td></tr><tr><td>IN</td><td>domain</td><td/><td>1..1</td><td><a href=\"http://hl7.org/fhir/R4/datatypes.html#string\">string</a></td><td/><td><div><p>Angabe der Matching-Domaene</p>\n</div></td></tr><tr><td>IN</td><td>source</td><td/><td>1..1</td><td><a href=\"http://hl7.org/fhir/R4/datatypes.html#string\">string</a></td><td/><td><div><p>Datenquelle</p>\n</div></td></tr><tr><td>IN</td><td>identity</td><td/><td>1..*</td><td><a href=\"http://hl7.org/fhir/R4/patient.html\">Patient</a></td><td/><td><div><p>Patient-Ressource (analog zu Patienten-Identität).</p>\n</div></td></tr><tr><td>IN</td><td>saveAction</td><td/><td>1..1</td><td><a href=\"http://hl7.org/fhir/R4/datatypes.html#Coding\">Coding</a></td><td><a href=\"ValueSet-SaveActionVS.html\">SaveAction</a> (Required)</td><td/></tr><tr><td>IN</td><td>forceReferenceUpdate</td><td/><td>1..1</td><td><a href=\"http://hl7.org/fhir/R4/datatypes.html#boolean\">boolean</a></td><td/><td/></tr><tr><td>OUT</td><td>matchResult</td><td/><td>1..*</td><td/><td/><td><div><p>Match-Ergebnis zu einer übergebenen Patienten-Identität. Für jeden im Request übergebenen identity-Parameter wird genau ein matchResult zurück gegeben.</p>\n</div></td></tr><tr><td>OUT</td><td>matchResult.sourceIdentity</td><td/><td>1..1</td><td><a href=\"http://hl7.org/fhir/R4/patient.html\">Patient</a></td><td/><td><div><p>Die im Request übergebene, unveränderte Patienten-Ressource, auf die sich dieses Match-Ergebnis bezieht.</p>\n</div></td></tr><tr><td>OUT</td><td>matchResult.matchStatus</td><td/><td>1..1</td><td><a href=\"http://hl7.org/fhir/R4/datatypes.html#Coding\">Coding</a></td><td><a href=\"ValueSet-MatchStatusVS.html\">MatchStatus</a> (Required)</td><td><div><p>Match-Status aus dem Matching der übermittelten Patienten-Identität</p>\n</div></td></tr><tr><td>OUT</td><td>matchResult.mpiPerson</td><td/><td>0..1</td><td><a href=\"http://hl7.org/fhir/R4/person.html\">Person</a></td><td/><td><div><p>Person-Ressource, die den MPI-Eintrag repräsentiert.</p>\n</div></td></tr><tr><td>OUT</td><td>matchResult.identity</td><td/><td>0..*</td><td><a href=\"http://hl7.org/fhir/R4/patient.html\">Patient</a></td><td/><td><div><p>Patient-Ressource (analog zu Patienten-Identität, referenziert aus dem MPI-Index der Personen-Ressource).</p>\n</div></td></tr></table><div><p>Anlegen und Matching (<strong>Record Linkage</strong>) von übermittelten Patienten-Resourcen auf Basis der personenidentifizierenden Informationen (IDAT) im <a href=\"https://www.ths-greifswald.de/e-pix\">E-PIX</a>.</p>\n<p>Dabei werden eine oder mehrere Patienten-Identitäten im E-PIX erzeugt. Nach Abschluss des Record Linkage Prozesses werden für jede übermittelte Patienten-Resource der <strong>Master Person Index (MPI ID)</strong>, die MPI-Zuordnung (Person-Ressource) sowie der Match-Status und vorhandene Identitäten zurückgegeben.</p>\n</div></div>"
  },
  "url" : "https://ths-greifswald.de/fhir/OperationDefinition/epix/AddPatient",
  "version" : "2025.2.0",
  "name" : "AddPatient",
  "title" : "addPatient",
  "status" : "draft",
  "kind" : "operation",
  "date" : "2025-06-12",
  "publisher" : "Unabhängige Treuhandstelle der Universitätsmedizin Greifswald",
  "contact" : [{
    "name" : "Unabhängige Treuhandstelle der Universitätsmedizin Greifswald",
    "telecom" : [{
      "system" : "url",
      "value" : "https://www.ths-greifswald.de/"
    }]
  }],
  "description" : "Fügt eine oder mehrere Patientenidentitäten hinzu.",
  "affectsState" : true,
  "code" : "addPatient",
  "comment" : "Anlegen und Matching (**Record Linkage**) von übermittelten Patienten-Resourcen auf Basis der personenidentifizierenden Informationen (IDAT) im [E-PIX](https://www.ths-greifswald.de/e-pix). \r\n\r\nDabei werden eine oder mehrere Patienten-Identitäten im E-PIX erzeugt. Nach Abschluss des Record Linkage Prozesses werden für jede übermittelte Patienten-Resource der **Master Person Index (MPI ID)**, die MPI-Zuordnung (Person-Ressource) sowie der Match-Status und vorhandene Identitäten zurückgegeben.",
  "system" : true,
  "type" : false,
  "instance" : false,
  "parameter" : [{
    "name" : "domain",
    "use" : "in",
    "min" : 1,
    "max" : "1",
    "documentation" : "Angabe der Matching-Domaene",
    "type" : "string"
  },
  {
    "name" : "source",
    "use" : "in",
    "min" : 1,
    "max" : "1",
    "documentation" : "Datenquelle",
    "type" : "string"
  },
  {
    "name" : "identity",
    "use" : "in",
    "min" : 1,
    "max" : "*",
    "documentation" : "Patient-Ressource (analog zu Patienten-Identität).",
    "type" : "Patient"
  },
  {
    "name" : "saveAction",
    "use" : "in",
    "min" : 1,
    "max" : "1",
    "type" : "Coding",
    "binding" : {
      "strength" : "required",
      "valueSet" : "https://ths-greifswald.de/fhir/ValueSet/epix/SaveAction"
    }
  },
  {
    "name" : "forceReferenceUpdate",
    "use" : "in",
    "min" : 1,
    "max" : "1",
    "type" : "boolean"
  },
  {
    "name" : "matchResult",
    "use" : "out",
    "min" : 1,
    "max" : "*",
    "documentation" : "Match-Ergebnis zu einer übergebenen Patienten-Identität. Für jeden im Request übergebenen identity-Parameter wird genau ein matchResult zurück gegeben.",
    "part" : [{
      "name" : "sourceIdentity",
      "use" : "out",
      "min" : 1,
      "max" : "1",
      "documentation" : "Die im Request übergebene, unveränderte Patienten-Ressource, auf die sich dieses Match-Ergebnis bezieht.",
      "type" : "Patient"
    },
    {
      "name" : "matchStatus",
      "use" : "out",
      "min" : 1,
      "max" : "1",
      "documentation" : "Match-Status aus dem Matching der übermittelten Patienten-Identität",
      "type" : "Coding",
      "binding" : {
        "strength" : "required",
        "valueSet" : "https://ths-greifswald.de/fhir/ValueSet/epix/MatchStatus"
      }
    },
    {
      "name" : "mpiPerson",
      "use" : "out",
      "min" : 0,
      "max" : "1",
      "documentation" : "Person-Ressource, die den MPI-Eintrag repräsentiert.",
      "type" : "Person"
    },
    {
      "name" : "identity",
      "use" : "out",
      "min" : 0,
      "max" : "*",
      "documentation" : "Patient-Ressource (analog zu Patienten-Identität, referenziert aus dem MPI-Index der Personen-Ressource).",
      "type" : "Patient"
    }]
  }]
}