{
  "resourceType" : "OperationDefinition",
  "id" : "AssignIdentity",
  "text" : {
    "status" : "generated",
    "div" : "<div xmlns=\"http://www.w3.org/1999/xhtml\"><p class=\"res-header-id\"><b>Generated Narrative: OperationDefinition AssignIdentity</b></p><a name=\"AssignIdentity\"> </a><a name=\"hcAssignIdentity\"> </a><p>URL: [base]/$assignIdentity</p><h3>Parameters</h3><table class=\"grid\"><tr><td><b>Use</b></td><td><b>Name</b></td><td><b>Scope</b></td><td><b>Cardinality</b></td><td><b>Type</b></td><td><b>Binding</b></td><td><b>Documentation</b></td></tr><tr><td>IN</td><td>domain</td><td/><td>1..1</td><td><a href=\"http://hl7.org/fhir/R4/datatypes.html#string\">string</a></td><td/><td><div><p>Angabe der Matching-Domäne</p>\n</div></td></tr><tr><td>IN</td><td>linkId</td><td/><td>1..1</td><td><a href=\"http://hl7.org/fhir/R4/datatypes.html#integer\">integer</a></td><td/><td><div><p>Link-ID des Matches (Dubletteneintrag). Ermittelbar mittels Operation queryPossibleMatches.</p>\n</div></td></tr><tr><td>IN</td><td>identityReference</td><td/><td>1..1</td><td><a href=\"http://hl7.org/fhir/R4/references.html#Reference\">Reference</a></td><td/><td><div><p>Referenz zur korrekten Ausprägung (Identität, Match-Item, Patient-Ressource), die das Ziel der Verschiebung ist.</p>\n</div></td></tr><tr><td>IN</td><td>comment</td><td/><td>0..1</td><td><a href=\"http://hl7.org/fhir/R4/datatypes.html#string\">string</a></td><td/><td><div><p>Anmerkung zum Änderungsvorgang</p>\n</div></td></tr><tr><td>OUT</td><td>return</td><td/><td>1..1</td><td><a href=\"http://hl7.org/fhir/R4/operationoutcome.html\">OperationOutcome</a></td><td/><td><div><p>Rückinformation zum Merge-Vorgang.</p>\n</div></td></tr></table></div>"
  },
  "url" : "https://ths-greifswald.de/fhir/OperationDefinition/epix/AssignIdentity",
  "version" : "2025.1.0",
  "name" : "AssignIdentity",
  "title" : "assignIdentity",
  "status" : "draft",
  "kind" : "operation",
  "date" : "2025-06-12",
  "publisher" : "Unabhängige Treuhandstelle der Universitätsmedizin Greifswald",
  "contact" : [{
    "name" : "Unabhängige Treuhandstelle der Universitätsmedizin Greifswald",
    "telecom" : [{
      "system" : "url",
      "value" : "https://www.ths-greifswald.de/"
    }]
  }],
  "description" : "Verschiebt die Zuordnung einer Identität zu einer Person (MPI-Eintrag) auf eine andere Person, um eine erkannte Dublette (Match Result) zu beheben.",
  "affectsState" : true,
  "code" : "assignIdentity",
  "system" : true,
  "type" : false,
  "instance" : false,
  "parameter" : [{
    "name" : "domain",
    "use" : "in",
    "min" : 1,
    "max" : "1",
    "documentation" : "Angabe der Matching-Domäne",
    "type" : "string"
  },
  {
    "name" : "linkId",
    "use" : "in",
    "min" : 1,
    "max" : "1",
    "documentation" : "Link-ID des Matches (Dubletteneintrag). Ermittelbar mittels Operation queryPossibleMatches.",
    "type" : "integer"
  },
  {
    "name" : "identityReference",
    "use" : "in",
    "min" : 1,
    "max" : "1",
    "documentation" : "Referenz zur korrekten Ausprägung (Identität, Match-Item, Patient-Ressource), die das Ziel der Verschiebung ist.",
    "type" : "Reference"
  },
  {
    "name" : "comment",
    "use" : "in",
    "min" : 0,
    "max" : "1",
    "documentation" : "Anmerkung zum Änderungsvorgang",
    "type" : "string"
  },
  {
    "name" : "return",
    "use" : "out",
    "min" : 1,
    "max" : "1",
    "documentation" : "Rückinformation zum Merge-Vorgang.",
    "type" : "OperationOutcome"
  }]
}