<?xml version="1.0" encoding="UTF-8"?>

<OperationDefinition xmlns="http://hl7.org/fhir">
  <id value="QueryPossibleMatches"/>
  <text>
    <status value="generated"/><div xmlns="http://www.w3.org/1999/xhtml"><p class="res-header-id"><b>Generated Narrative: OperationDefinition QueryPossibleMatches</b></p><a name="QueryPossibleMatches"> </a><a name="hcQueryPossibleMatches"> </a><p>URL: [base]/$queryPossibleMatches</p><h3>Parameters</h3><table class="grid"><tr><td><b>Use</b></td><td><b>Name</b></td><td><b>Scope</b></td><td><b>Cardinality</b></td><td><b>Type</b></td><td><b>Binding</b></td><td><b>Documentation</b></td></tr><tr><td>IN</td><td>_offset</td><td/><td>0..1</td><td><a href="http://hl7.org/fhir/R4/datatypes.html#integer">integer</a></td><td/><td><div><p>Offset für Paging (Anzahl der zu überspringenden match-Parameter)</p>
</div></td></tr><tr><td>IN</td><td>_count</td><td/><td>0..1</td><td><a href="http://hl7.org/fhir/R4/datatypes.html#string">string</a></td><td/><td><div><p>Anzahl der zurück zu gebenden match-Parameter (Paging)</p>
</div></td></tr><tr><td>IN</td><td>domain</td><td/><td>1..1</td><td><a href="http://hl7.org/fhir/R4/datatypes.html#string">string</a></td><td/><td><div><p>Angabe der Matching-Domaene</p>
</div></td></tr><tr><td>IN</td><td>mpiId</td><td/><td>0..1</td><td><a href="http://hl7.org/fhir/R4/datatypes.html#Identifier">Identifier</a></td><td/><td><div><p>Identifikator eines MPI-Entrags (MPI-ID, Person.identifier). Ist dieser Parameter nicht angegeben, werden alle Matches zur Domäne zurück gegeben.</p>
</div></td></tr><tr><td>OUT</td><td>prev</td><td/><td>0..1</td><td><a href="http://hl7.org/fhir/R4/datatypes.html#uri">uri</a></td><td/><td><div><p>Bei Paging: URL der vorausgehenden Seite.</p>
</div></td></tr><tr><td>OUT</td><td>self</td><td/><td>0..1</td><td><a href="http://hl7.org/fhir/R4/datatypes.html#uri">uri</a></td><td/><td><div><p>Bei Paging: URL der aktuellen Seite.</p>
</div></td></tr><tr><td>OUT</td><td>next</td><td/><td>0..1</td><td><a href="http://hl7.org/fhir/R4/datatypes.html#uri">uri</a></td><td/><td><div><p>Bei Paging: URL der folgenden Seite.</p>
</div></td></tr><tr><td>OUT</td><td>match</td><td/><td>0..*</td><td/><td/><td><div><p>Match-Informationen zu zwei Identitäten.</p>
</div></td></tr><tr><td>OUT</td><td>match.matchItem</td><td/><td>2..2</td><td><a href="http://hl7.org/fhir/R4/patient.html">Patient</a></td><td/><td><div><p>Die beiden matchenden Identitäten.</p>
</div></td></tr><tr><td>OUT</td><td>match.matchScore</td><td/><td>1..1</td><td><a href="http://hl7.org/fhir/R4/datatypes.html#decimal">decimal</a></td><td/><td><div><p>Matching-Score</p>
</div></td></tr><tr><td>OUT</td><td>match.matchResult</td><td/><td>1..1</td><td><a href="http://hl7.org/fhir/R4/datatypes.html#decimal">decimal</a></td><td/><td><div><p>Matching-Ergebnis</p>
</div></td></tr><tr><td>OUT</td><td>match.linkId</td><td/><td>1..1</td><td><a href="http://hl7.org/fhir/R4/datatypes.html#integer">integer</a></td><td/><td><div><p>Link-ID des Matches</p>
</div></td></tr><tr><td>OUT</td><td>match.comment</td><td/><td>0..1</td><td><a href="http://hl7.org/fhir/R4/datatypes.html#string">string</a></td><td/><td><div><p>Anmerkung zum Match</p>
</div></td></tr></table><div><p>Matchende Identitäts-Informationen sowie zugehörige Meta-Informationen ausgeben.</p>
</div></div>
  </text>
  <url value="https://ths-greifswald.de/fhir/OperationDefinition/epix/QueryPossibleMatches"/>
  <version value="2025.2.0"/>
  <name value="QueryPossibleMatches"/>
  <title value="queryPossibleMatches"/>
  <status value="draft"/>
  <kind value="operation"/>
  <date value="2025-06-12"/>
  <publisher value="Unabhängige Treuhandstelle der Universitätsmedizin Greifswald"/>
  <contact>
    <name value="Unabhängige Treuhandstelle der Universitätsmedizin Greifswald"/>
    <telecom>
      <system value="url"/>
      <value value="https://www.ths-greifswald.de/"/>
    </telecom>
  </contact>
  <description value="Gibt Matches zu einer Domäne oder zu einem bestimmten MPI-Eintrag aus."/>
  <affectsState value="false"/>
  <code value="queryPossibleMatches"/>
  <comment value="Matchende Identitäts-Informationen sowie zugehörige Meta-Informationen ausgeben."/>
  <system value="true"/>
  <type value="false"/>
  <instance value="false"/>
  <parameter>
    <name value="_offset"/>
    <use value="in"/>
    <min value="0"/>
    <max value="1"/>
    <documentation value="Offset für Paging (Anzahl der zu überspringenden match-Parameter)"/>
    <type value="integer"/>
  </parameter>
  <parameter>
    <name value="_count"/>
    <use value="in"/>
    <min value="0"/>
    <max value="1"/>
    <documentation value="Anzahl der zurück zu gebenden match-Parameter (Paging)"/>
    <type value="string"/>
  </parameter>
  <parameter>
    <name value="domain"/>
    <use value="in"/>
    <min value="1"/>
    <max value="1"/>
    <documentation value="Angabe der Matching-Domaene"/>
    <type value="string"/>
  </parameter>
  <parameter>
    <name value="mpiId"/>
    <use value="in"/>
    <min value="0"/>
    <max value="1"/>
    <documentation value="Identifikator eines MPI-Entrags (MPI-ID, Person.identifier). Ist dieser Parameter nicht angegeben, werden alle Matches zur Domäne zurück gegeben."/>
    <type value="Identifier"/>
  </parameter>
  <parameter>
    <name value="prev"/>
    <use value="out"/>
    <min value="0"/>
    <max value="1"/>
    <documentation value="Bei Paging: URL der vorausgehenden Seite."/>
    <type value="uri"/>
  </parameter>
  <parameter>
    <name value="self"/>
    <use value="out"/>
    <min value="0"/>
    <max value="1"/>
    <documentation value="Bei Paging: URL der aktuellen Seite."/>
    <type value="uri"/>
  </parameter>
  <parameter>
    <name value="next"/>
    <use value="out"/>
    <min value="0"/>
    <max value="1"/>
    <documentation value="Bei Paging: URL der folgenden Seite."/>
    <type value="uri"/>
  </parameter>
  <parameter>
    <name value="match"/>
    <use value="out"/>
    <min value="0"/>
    <max value="*"/>
    <documentation value="Match-Informationen zu zwei Identitäten."/>
    <part>
      <name value="matchItem"/>
      <use value="out"/>
      <min value="2"/>
      <max value="2"/>
      <documentation value="Die beiden matchenden Identitäten."/>
      <type value="Patient"/>
    </part>
    <part>
      <name value="matchScore"/>
      <use value="out"/>
      <min value="1"/>
      <max value="1"/>
      <documentation value="Matching-Score"/>
      <type value="decimal"/>
    </part>
    <part>
      <name value="matchResult"/>
      <use value="out"/>
      <min value="1"/>
      <max value="1"/>
      <documentation value="Matching-Ergebnis"/>
      <type value="decimal"/>
    </part>
    <part>
      <name value="linkId"/>
      <use value="out"/>
      <min value="1"/>
      <max value="1"/>
      <documentation value="Link-ID des Matches"/>
      <type value="integer"/>
    </part>
    <part>
      <name value="comment"/>
      <use value="out"/>
      <min value="0"/>
      <max value="1"/>
      <documentation value="Anmerkung zum Match"/>
      <type value="string"/>
    </part>
  </parameter>
</OperationDefinition>