{
  "resourceType" : "OperationDefinition",
  "id" : "SetReferenceIdentity",
  "text" : {
    "status" : "generated",
    "div" : "<div xmlns=\"http://www.w3.org/1999/xhtml\"><p class=\"res-header-id\"><b>Generated Narrative: OperationDefinition SetReferenceIdentity</b></p><a name=\"SetReferenceIdentity\"> </a><a name=\"hcSetReferenceIdentity\"> </a><p>URL: [base]/$setReferenceIdentity</p><h3>Parameters</h3><table class=\"grid\"><tr><td><b>Use</b></td><td><b>Name</b></td><td><b>Scope</b></td><td><b>Cardinality</b></td><td><b>Type</b></td><td><b>Binding</b></td><td><b>Documentation</b></td></tr><tr><td>IN</td><td>domain</td><td/><td>1..1</td><td><a href=\"http://hl7.org/fhir/R4/datatypes.html#string\">string</a></td><td/><td><div><p>Angabe der Matching-Domaene</p>\n</div></td></tr><tr><td>IN</td><td>mpiId</td><td/><td>1..1</td><td><a href=\"http://hl7.org/fhir/R4/datatypes.html#Identifier\">Identifier</a></td><td/><td><div><p>Identifikator eines MPI-Eintrags (MPI-ID, Person.identifier).</p>\n</div></td></tr><tr><td>IN</td><td>identityReference</td><td/><td>1..1</td><td><a href=\"http://hl7.org/fhir/R4/references.html#Reference\">Reference</a></td><td/><td><div><p>Referenz zur Identität (Patient-Ressource), die als Referenzidentität gesetzt werden soll.</p>\n</div></td></tr><tr><td>IN</td><td>comment</td><td/><td>0..1</td><td><a href=\"http://hl7.org/fhir/R4/datatypes.html#string\">string</a></td><td/><td><div><p>Anmerkung zum Änderungsvorgang</p>\n</div></td></tr><tr><td>OUT</td><td>mpiPerson</td><td/><td>1..1</td><td><a href=\"http://hl7.org/fhir/R4/person.html\">Person</a></td><td/><td><div><p>Person-Ressource, die den MPI-Eintrag repräsentiert.</p>\n</div></td></tr><tr><td>OUT</td><td>identity</td><td/><td>1..*</td><td><a href=\"http://hl7.org/fhir/R4/patient.html\">Patient</a></td><td/><td><div><p>Patient-Ressource (analog zu Patienten-Identität, referenziert aus dem MPI-Index der Personen-Ressource).</p>\n</div></td></tr></table></div>"
  },
  "url" : "https://ths-greifswald.de/fhir/OperationDefinition/epix/SetReferenceIdentity",
  "version" : "2025.2.0",
  "name" : "SetReferenceIdentity",
  "title" : "setReferenceIdentity",
  "status" : "draft",
  "kind" : "operation",
  "date" : "2025-06-12",
  "publisher" : "Unabhängige Treuhandstelle der Universitätsmedizin Greifswald",
  "contact" : [{
    "name" : "Unabhängige Treuhandstelle der Universitätsmedizin Greifswald",
    "telecom" : [{
      "system" : "url",
      "value" : "https://www.ths-greifswald.de/"
    }]
  }],
  "description" : "Ändert die Referenz-Identität einer vorhandenen Person (MPI-Eintrag), d.h. diejenigen Daten einer Person, die primäre Gültigkeit haben sollen.",
  "affectsState" : true,
  "code" : "setReferenceIdentity",
  "system" : true,
  "type" : false,
  "instance" : false,
  "parameter" : [{
    "name" : "domain",
    "use" : "in",
    "min" : 1,
    "max" : "1",
    "documentation" : "Angabe der Matching-Domaene",
    "type" : "string"
  },
  {
    "name" : "mpiId",
    "use" : "in",
    "min" : 1,
    "max" : "1",
    "documentation" : "Identifikator eines MPI-Eintrags (MPI-ID, Person.identifier).",
    "type" : "Identifier"
  },
  {
    "name" : "identityReference",
    "use" : "in",
    "min" : 1,
    "max" : "1",
    "documentation" : "Referenz zur Identität (Patient-Ressource), die als Referenzidentität gesetzt werden soll.",
    "type" : "Reference"
  },
  {
    "name" : "comment",
    "use" : "in",
    "min" : 0,
    "max" : "1",
    "documentation" : "Anmerkung zum Änderungsvorgang",
    "type" : "string"
  },
  {
    "name" : "mpiPerson",
    "use" : "out",
    "min" : 1,
    "max" : "1",
    "documentation" : "Person-Ressource, die den MPI-Eintrag repräsentiert.",
    "type" : "Person"
  },
  {
    "name" : "identity",
    "use" : "out",
    "min" : 1,
    "max" : "*",
    "documentation" : "Patient-Ressource (analog zu Patienten-Identität, referenziert aus dem MPI-Index der Personen-Ressource).",
    "type" : "Patient"
  }]
}