{
  "codeSystems" : [
    {
      "url" : "http://hl7.org/fhir/ValueSet/address-type",
      "version" : "4.0.1",
      "status" : "active",
      "name" : "AddressType",
      "title" : "AddressType",
      "description" : "The type of an address (physical / postal).",
      "systems" : ["http://hl7.org/fhir/address-type"],
      "oids" : ["2.16.840.1.113883.4.642.3.69"],
      "sources" : ["2.16.840.1.113883.4.642.3.69"],
      "uses" : {
      },
      "StructureDefinition-Person.html" : "Person",
      "StructureDefinition-Patient.html" : "Patient"
    },
    {
      "url" : "http://hl7.org/fhir/ValueSet/address-use",
      "version" : "4.0.1",
      "status" : "active",
      "name" : "AddressUse",
      "title" : "AddressUse",
      "description" : "The use of an address.",
      "systems" : ["http://hl7.org/fhir/address-use"],
      "oids" : ["2.16.840.1.113883.4.642.3.67"],
      "sources" : ["2.16.840.1.113883.4.642.3.67"],
      "uses" : {
      },
      "StructureDefinition-Person.html" : "Person",
      "StructureDefinition-Patient.html" : "Patient"
    },
    {
      "url" : "http://hl7.org/fhir/ValueSet/administrative-gender",
      "version" : "4.0.1",
      "status" : "active",
      "name" : "AdministrativeGender",
      "title" : "AdministrativeGender",
      "description" : "The gender of a person used for administrative purposes.",
      "systems" : ["http://hl7.org/fhir/administrative-gender"],
      "oids" : ["2.16.840.1.113883.4.642.3.1"],
      "sources" : ["2.16.840.1.113883.4.642.3.1"],
      "uses" : {
      },
      "StructureDefinition-Person.html" : "Person",
      "StructureDefinition-Patient.html" : "Patient"
    },
    {
      "url" : "http://hl7.org/fhir/ValueSet/common-tags",
      "version" : "4.0.1",
      "status" : "draft",
      "name" : "CommonTags",
      "title" : "Common Tags",
      "description" : "Common Tag Codes defined by FHIR project",
      "systems" : ["http://terminology.hl7.org/CodeSystem/common-tags"],
      "oids" : ["2.16.840.1.113883.4.642.3.79"],
      "sources" : ["2.16.840.1.113883.4.642.3.79"],
      "uses" : {
      },
      "StructureDefinition-Person.html" : "Person",
      "StructureDefinition-Patient.html" : "Patient"
    },
    {
      "url" : "http://hl7.org/fhir/ValueSet/consent-provision-type",
      "version" : "4.0.1",
      "status" : "draft",
      "name" : "ConsentProvisionType",
      "title" : "ConsentProvisionType",
      "description" : "How a rule statement is applied, such as adding additional consent or removing consent.",
      "systems" : ["http://hl7.org/fhir/consent-provision-type"],
      "oids" : ["2.16.840.1.113883.4.642.3.757"],
      "sources" : ["2.16.840.1.113883.4.642.3.757"],
      "uses" : {
      },
      "ValueSet-PolicyStatusVS.html" : "PolicyStatus"
    },
    {
      "url" : "http://hl7.org/fhir/ValueSet/contact-point-system",
      "version" : "4.0.1",
      "status" : "active",
      "name" : "ContactPointSystem",
      "title" : "ContactPointSystem",
      "description" : "Telecommunications form for contact point.",
      "systems" : ["http://hl7.org/fhir/contact-point-system"],
      "oids" : ["2.16.840.1.113883.4.642.3.71"],
      "sources" : ["2.16.840.1.113883.4.642.3.71"],
      "uses" : {
      },
      "StructureDefinition-Person.html" : "Person",
      "StructureDefinition-Patient.html" : "Patient"
    },
    {
      "url" : "http://hl7.org/fhir/ValueSet/contact-point-use",
      "version" : "4.0.1",
      "status" : "active",
      "name" : "ContactPointUse",
      "title" : "ContactPointUse",
      "description" : "Use of contact point.",
      "systems" : ["http://hl7.org/fhir/contact-point-use"],
      "oids" : ["2.16.840.1.113883.4.642.3.73"],
      "sources" : ["2.16.840.1.113883.4.642.3.73"],
      "uses" : {
      },
      "StructureDefinition-Person.html" : "Person",
      "StructureDefinition-Patient.html" : "Patient"
    },
    {
      "url" : "http://hl7.org/fhir/ValueSet/identifier-type",
      "version" : "4.0.1",
      "status" : "active",
      "name" : "Identifier Type Codes",
      "title" : "IdentifierType",
      "description" : "A coded type for an identifier that can be used to determine which identifier to use for a specific purpose.",
      "systems" : ["http://terminology.hl7.org/CodeSystem/v2-0203"],
      "oids" : ["2.16.840.1.113883.4.642.3.45"],
      "sources" : ["2.16.840.1.113883.4.642.3.45"],
      "uses" : {
      },
      "StructureDefinition-Person.html" : "Person",
      "StructureDefinition-Patient.html" : "Patient"
    },
    {
      "url" : "http://hl7.org/fhir/ValueSet/identifier-use",
      "version" : "4.0.1",
      "status" : "active",
      "name" : "IdentifierUse",
      "title" : "IdentifierUse",
      "description" : "Identifies the purpose for this identifier, if known .",
      "systems" : ["http://hl7.org/fhir/identifier-use"],
      "oids" : ["2.16.840.1.113883.4.642.3.57"],
      "sources" : ["2.16.840.1.113883.4.642.3.57"],
      "uses" : {
      },
      "StructureDefinition-Person.html" : "Person",
      "StructureDefinition-Patient.html" : "Patient"
    },
    {
      "url" : "http://hl7.org/fhir/ValueSet/identity-assuranceLevel",
      "version" : "4.0.1",
      "status" : "draft",
      "name" : "IdentityAssuranceLevel",
      "title" : "IdentityAssuranceLevel",
      "description" : "The level of confidence that this link represents the same actual person, based on NIST Authentication Levels.",
      "systems" : ["http://hl7.org/fhir/identity-assuranceLevel"],
      "oids" : ["2.16.840.1.113883.4.642.3.656"],
      "sources" : ["2.16.840.1.113883.4.642.3.656"],
      "uses" : {
      },
      "StructureDefinition-Person.html" : "Person"
    },
    {
      "url" : "http://hl7.org/fhir/ValueSet/iso3166-1-2",
      "version" : "4.0.1",
      "status" : "active",
      "name" : "Iso3166-1-2",
      "title" : "Iso 3166 Part 1: 2 Letter Codes",
      "description" : "This value set defines the ISO 3166 Part 1 2-letter codes",
      "systems" : ["urn:iso:std:iso:3166"],
      "uses" : {
      },
      "StructureDefinition-Patient.html" : "Patient"
    },
    {
      "url" : "http://hl7.org/fhir/ValueSet/languages",
      "version" : "4.0.1",
      "status" : "draft",
      "name" : "CommonLanguages",
      "title" : "Common Languages",
      "description" : "This value set includes common codes from BCP-47 (http://tools.ietf.org/html/bcp47)",
      "systems" : ["urn:ietf:bcp:47"],
      "oids" : ["2.16.840.1.113883.4.642.3.20"],
      "sources" : ["2.16.840.1.113883.4.642.3.20"],
      "uses" : {
      },
      "StructureDefinition-Person.html" : "Person",
      "StructureDefinition-Patient.html" : "Patient"
    },
    {
      "url" : "http://hl7.org/fhir/ValueSet/link-type",
      "version" : "4.0.1",
      "status" : "active",
      "name" : "LinkType",
      "title" : "LinkType",
      "description" : "The type of link between this patient resource and another patient resource.",
      "systems" : ["http://hl7.org/fhir/link-type"],
      "oids" : ["2.16.840.1.113883.4.642.3.423"],
      "sources" : ["2.16.840.1.113883.4.642.3.423"],
      "uses" : {
      },
      "StructureDefinition-Patient.html" : "Patient"
    },
    {
      "url" : "http://hl7.org/fhir/ValueSet/marital-status",
      "version" : "4.0.1",
      "status" : "active",
      "name" : "Marital Status Codes",
      "title" : "MaritalStatus",
      "description" : "This value set defines the set of codes that can be used to indicate the marital status of a person.",
      "systems" : [
        "http://terminology.hl7.org/CodeSystem/v3-MaritalStatus",
        "http://terminology.hl7.org/CodeSystem/v3-NullFlavor"
      ],
      "oids" : ["2.16.840.1.113883.4.642.3.29"],
      "sources" : ["2.16.840.1.113883.4.642.3.29"],
      "uses" : {
      },
      "StructureDefinition-Patient.html" : "Patient"
    },
    {
      "url" : "http://hl7.org/fhir/ValueSet/name-part-qualifier",
      "version" : "5.2.0",
      "status" : "active",
      "name" : "EntityNamePartQualifier",
      "title" : "EntityNamePartQualifier",
      "description" : "A set of codes each of which specifies a certain subcategory of the name part in addition to the main name part type.",
      "systems" : [
        "http://terminology.hl7.org/CodeSystem/v3-EntityNamePartQualifierR2",
        "http://terminology.hl7.org/CodeSystem/v3-EntityNamePartQualifier"
      ],
      "oids" : ["2.16.840.1.113883.4.642.3.906"],
      "sources" : ["2.16.840.1.113883.4.642.3.906"],
      "uses" : {
      },
      "StructureDefinition-Person.html" : "Person",
      "StructureDefinition-Patient.html" : "Patient"
    },
    {
      "url" : "http://hl7.org/fhir/ValueSet/name-use",
      "version" : "4.0.1",
      "status" : "active",
      "name" : "NameUse",
      "title" : "NameUse",
      "description" : "The use of a human name.",
      "systems" : ["http://hl7.org/fhir/name-use"],
      "oids" : ["2.16.840.1.113883.4.642.3.65"],
      "sources" : ["2.16.840.1.113883.4.642.3.65"],
      "uses" : {
      },
      "StructureDefinition-Person.html" : "Person",
      "StructureDefinition-Patient.html" : "Patient"
    },
    {
      "url" : "http://hl7.org/fhir/ValueSet/patient-contactrelationship",
      "version" : "4.0.1",
      "status" : "active",
      "name" : "PatientContactRelationship",
      "title" : "Patient Contact Relationship ",
      "description" : "The nature of the relationship between the patient and the contact person.",
      "systems" : ["http://terminology.hl7.org/CodeSystem/v2-0131"],
      "oids" : ["2.16.840.1.113883.4.642.3.1130"],
      "sources" : ["2.16.840.1.113883.4.642.3.1130"],
      "uses" : {
      },
      "StructureDefinition-Patient.html" : "Patient"
    },
    {
      "url" : "http://hl7.org/fhir/ValueSet/resource-types",
      "version" : "4.0.1",
      "status" : "active",
      "name" : "ResourceType",
      "title" : "ResourceType",
      "description" : "One of the resource types defined as part of this version of FHIR.",
      "systems" : ["http://hl7.org/fhir/resource-types"],
      "oids" : ["2.16.840.1.113883.4.642.3.27"],
      "sources" : ["2.16.840.1.113883.4.642.3.27"],
      "uses" : {
      },
      "StructureDefinition-Person.html" : "Person"
    },
    {
      "url" : "http://hl7.org/fhir/ValueSet/security-labels",
      "version" : "4.0.1",
      "status" : "active",
      "name" : "All Security Labels",
      "title" : "SecurityLabels",
      "description" : "A single value set for all security labels defined by FHIR.",
      "systems" : [
        "http://terminology.hl7.org/CodeSystem/v3-ActReason",
        "http://terminology.hl7.org/CodeSystem/v3-ActUSPrivacyLaw",
        "http://terminology.hl7.org/CodeSystem/v3-ObservationValue",
        "http://terminology.hl7.org/CodeSystem/v3-ActCode",
        "http://terminology.hl7.org/CodeSystem/v3-Confidentiality"
      ],
      "oids" : ["2.16.840.1.113883.4.642.3.47"],
      "sources" : ["2.16.840.1.113883.4.642.3.47"],
      "uses" : {
      },
      "StructureDefinition-Person.html" : "Person",
      "StructureDefinition-Patient.html" : "Patient"
    },
    {
      "url" : "https://ths-greifswald.de/fhir/ValueSet/dispatcher/IdatElements",
      "version" : "2025.2.0",
      "status" : "active",
      "name" : "IdatElements",
      "title" : null,
      "description" : "",
      "systems" : [
        "https://ths-greifswald.de/fhir/CodeSystem/dispatcher/IdatElements"
      ]
    },
    {
      "url" : "https://ths-greifswald.de/fhir/ValueSet/epix/BloomfilterType",
      "version" : "2025.2.0",
      "status" : "draft",
      "name" : "BloomfilterType",
      "title" : null,
      "description" : "",
      "systems" : [
        "https://ths-greifswald.de/fhir/CodeSystem/epix/BloomfilterType"
      ]
    },
    {
      "url" : "https://ths-greifswald.de/fhir/ValueSet/epix/MatchStatus",
      "version" : "2025.2.0",
      "status" : "active",
      "name" : "MatchStatus",
      "title" : null,
      "description" : "",
      "systems" : ["https://ths-greifswald.de/fhir/CodeSystem/epix/MatchStatus"],
      "uses" : {
      },
      "OperationDefinition-UpdatePatient.html" : "updatePatient"
    },
    {
      "url" : "https://ths-greifswald.de/fhir/ValueSet/epix/SaveAction",
      "version" : "2025.2.0",
      "status" : "active",
      "name" : "SaveAction",
      "title" : null,
      "description" : "",
      "systems" : ["https://ths-greifswald.de/fhir/CodeSystem/epix/SaveAction"],
      "uses" : {
      },
      "OperationDefinition-AddPatient.html" : "addPatient"
    },
    {
      "url" : "https://ths-greifswald.de/fhir/ValueSet/gics/ConsentComponentType",
      "version" : "2025.2.0",
      "status" : "active",
      "name" : "ConsentComponentType",
      "title" : null,
      "description" : "",
      "systems" : [
        "http://fhir.de/ConsentManagement/CodeSystem/QuestionnaireComponents",
        "https://ths-greifswald.de/fhir/CodeSystem/gics/ConsentComponentType"
      ]
    },
    {
      "url" : "https://ths-greifswald.de/fhir/ValueSet/gics/ConsentPolicyAction",
      "version" : "2025.2.0",
      "status" : "active",
      "name" : "ConsentPolicyAction",
      "title" : null,
      "description" : "",
      "systems" : [
        "https://ths-greifswald.de/fhir/CodeSystem/ConsentPolicyAction"
      ]
    },
    {
      "url" : "https://ths-greifswald.de/fhir/ValueSet/gics/ConsentPolicyActor",
      "version" : "2025.2.0",
      "status" : "active",
      "name" : "ConsentPolicyActor",
      "title" : null,
      "description" : "",
      "systems" : [
        "https://ths-greifswald.de/fhir/CodeSystem/ConsentPolicyActor"
      ]
    },
    {
      "url" : "https://ths-greifswald.de/fhir/ValueSet/gics/ConsentPolicyClass",
      "version" : "2025.2.0",
      "status" : "active",
      "name" : "ConsentPolicyClass",
      "title" : null,
      "description" : "",
      "systems" : [
        "https://ths-greifswald.de/fhir/CodeSystem/ConsentPolicyClass"
      ]
    },
    {
      "url" : "https://ths-greifswald.de/fhir/ValueSet/gics/ConsentPolicyPurpose",
      "version" : "2025.2.0",
      "status" : "active",
      "name" : "ConsentPolicyPurpose",
      "title" : null,
      "description" : "",
      "systems" : [
        "https://ths-greifswald.de/fhir/CodeSystem/ConsentPolicyPurpose"
      ]
    },
    {
      "url" : "https://ths-greifswald.de/fhir/ValueSet/gics/ConsentStatus",
      "version" : "2025.2.0",
      "status" : "active",
      "name" : "ConsentStatus",
      "title" : null,
      "description" : "",
      "systems" : [
        "https://ths-greifswald.de/fhir/CodeSystem/gics/ConsentStatus"
      ]
    },
    {
      "url" : "https://ths-greifswald.de/fhir/ValueSet/gics/ConsentStatusConsentFullValues",
      "version" : "2025.2.0",
      "status" : "active",
      "name" : "ConsentStatusConsentFullValues",
      "title" : null,
      "description" : "",
      "systems" : [
        "https://ths-greifswald.de/fhir/CodeSystem/gics/ConsentStatus"
      ]
    },
    {
      "url" : "https://ths-greifswald.de/fhir/ValueSet/gics/ConsentStatusConsentOptOutFullValues",
      "version" : "2025.2.0",
      "status" : "active",
      "name" : "ConsentStatusConsentOptOutFullValues",
      "title" : null,
      "description" : "",
      "systems" : [
        "https://ths-greifswald.de/fhir/CodeSystem/gics/ConsentStatus"
      ]
    },
    {
      "url" : "https://ths-greifswald.de/fhir/ValueSet/gics/ConsentStatusConsentOptOutShortValues",
      "version" : "2025.2.0",
      "status" : "active",
      "name" : "ConsentStatusConsentOptOutShortValues",
      "title" : null,
      "description" : "",
      "systems" : [
        "https://ths-greifswald.de/fhir/CodeSystem/gics/ConsentStatus"
      ]
    },
    {
      "url" : "https://ths-greifswald.de/fhir/ValueSet/gics/ConsentStatusConsentShortValues",
      "version" : "2025.2.0",
      "status" : "active",
      "name" : "ConsentStatusConsentShortValues",
      "title" : null,
      "description" : "",
      "systems" : [
        "https://ths-greifswald.de/fhir/CodeSystem/gics/ConsentStatus"
      ]
    },
    {
      "url" : "https://ths-greifswald.de/fhir/ValueSet/gics/ConsentStatusObjectionFullValues",
      "version" : "2025.2.0",
      "status" : "active",
      "name" : "ConsentStatusObjectionFullValues",
      "title" : null,
      "description" : "",
      "systems" : [
        "https://ths-greifswald.de/fhir/CodeSystem/gics/ConsentStatus"
      ]
    },
    {
      "url" : "https://ths-greifswald.de/fhir/ValueSet/gics/ConsentStatusObjectionShortValues",
      "version" : "2025.2.0",
      "status" : "active",
      "name" : "ConsentStatusObjectionShortValues",
      "title" : null,
      "description" : "",
      "systems" : [
        "https://ths-greifswald.de/fhir/CodeSystem/gics/ConsentStatus"
      ]
    },
    {
      "url" : "https://ths-greifswald.de/fhir/ValueSet/gics/ConsentStatusRefusalFullValues",
      "version" : "2025.2.0",
      "status" : "active",
      "name" : "ConsentStatusRefusalFullValues",
      "title" : null,
      "description" : "",
      "systems" : [
        "https://ths-greifswald.de/fhir/CodeSystem/gics/ConsentStatus"
      ]
    },
    {
      "url" : "https://ths-greifswald.de/fhir/ValueSet/gics/ConsentStatusRefusalShortValues",
      "version" : "2025.2.0",
      "status" : "active",
      "name" : "ConsentStatusRefusalShortValues",
      "title" : null,
      "description" : "",
      "systems" : [
        "https://ths-greifswald.de/fhir/CodeSystem/gics/ConsentStatus"
      ]
    },
    {
      "url" : "https://ths-greifswald.de/fhir/ValueSet/gics/ConsentStatusWithdrawalFullValues",
      "version" : "2025.2.0",
      "status" : "active",
      "name" : "ConsentStatusWithdrawalFullValues",
      "title" : null,
      "description" : "",
      "systems" : [
        "https://ths-greifswald.de/fhir/CodeSystem/gics/ConsentStatus"
      ]
    },
    {
      "url" : "https://ths-greifswald.de/fhir/ValueSet/gics/ConsentStatusWithdrawalShortValues",
      "version" : "2025.2.0",
      "status" : "active",
      "name" : "ConsentStatusWithdrawalShortValues",
      "title" : null,
      "description" : "",
      "systems" : [
        "https://ths-greifswald.de/fhir/CodeSystem/gics/ConsentStatus"
      ]
    },
    {
      "url" : "https://ths-greifswald.de/fhir/ValueSet/gics/IdMatchingType",
      "version" : "2025.2.0",
      "status" : "active",
      "name" : "IdMatchingType",
      "title" : null,
      "description" : "",
      "systems" : [
        "https://ths-greifswald.de/fhir/CodeSystem/gics/IdMatchingType"
      ]
    },
    {
      "url" : "https://ths-greifswald.de/fhir/ValueSet/gics/Policy",
      "version" : "2025.2.0",
      "status" : "draft",
      "name" : "Policy",
      "title" : null,
      "description" : "",
      "systems" : ["https://ths-greifswald.de/fhir/CodeSystem/gics/Policy"]
    },
    {
      "url" : "https://ths-greifswald.de/fhir/ValueSet/gics/PolicyStatus",
      "version" : "2025.2.0",
      "status" : "active",
      "name" : "PolicyStatus",
      "title" : null,
      "description" : "",
      "systems" : [
        "http://hl7.org/fhir/consent-provision-type",
        "http://terminology.hl7.org/CodeSystem/v3-NullFlavor"
      ]
    }
  ]
}
