{"resourceType":"ImplementationGuide","id":"ths-greifswald.ttp-fhir-gw.epix","text":{"status":"generated","div":"<div xmlns=\"http://www.w3.org/1999/xhtml\"><p class=\"res-header-id\"><b>Generated Narrative: ImplementationGuide ths-greifswald.ttp-fhir-gw.epix</b></p><a name=\"ths-greifswald.ttp-fhir-gw.epix\"> </a><a name=\"hcths-greifswald.ttp-fhir-gw.epix\"> </a><h2>IGTTPFHIRGatewayEPIX</h2><p>The official URL for this implementation guide is: </p><pre>https://ths-greifswald.de/fhir/epix/ImplementationGuide/ths-greifswald.ttp-fhir-gw.epix</pre></div>"},"url":"https://ths-greifswald.de/fhir/epix/ImplementationGuide/ths-greifswald.ttp-fhir-gw.epix","version":"2025.2.0","name":"IGTTPFHIRGatewayEPIX","status":"active","date":"2025-11-25T13:37:50+01:00","publisher":"Unabhängige Treuhandstelle der Universitätsmedizin Greifswald","contact":[{"name":"Unabhängige Treuhandstelle der Universitätsmedizin Greifswald","telecom":[{"system":"url","value":"https://www.ths-greifswald.de/"}]}],"packageId":"ths-greifswald.ttp-fhir-gw.epix","license":"CC0-1.0","fhirVersion":["4.0.1"],"dependsOn":[{"id":"hl7tx","extension":[{"url":"http://hl7.org/fhir/tools/StructureDefinition/implementationguide-dependency-comment","valueMarkdown":"Automatically added as a dependency - all IGs depend on HL7 Terminology"}],"uri":"http://terminology.hl7.org/ImplementationGuide/hl7.terminology","packageId":"hl7.terminology.r4","version":"7.0.0"},{"id":"hl7ext","extension":[{"url":"http://hl7.org/fhir/tools/StructureDefinition/implementationguide-dependency-comment","valueMarkdown":"Automatically added as a dependency - all IGs depend on the HL7 Extension Pack"}],"uri":"http://hl7.org/fhir/extensions/ImplementationGuide/hl7.fhir.uv.extensions","packageId":"hl7.fhir.uv.extensions.r4","version":"5.2.0"},{"id":"de_einwilligungsmanagement","uri":"http://fhir.org/packages/de.einwilligungsmanagement/ImplementationGuide/de.einwilligungsmanagement","packageId":"de.einwilligungsmanagement","version":"2.0.2"}],"definition":{"extension":[{"extension":[{"url":"code","valueString":"copyrightyear"},{"url":"value","valueString":"2021+"}],"url":"http://hl7.org/fhir/tools/StructureDefinition/ig-parameter"},{"extension":[{"url":"code","valueString":"releaselabel"},{"url":"value","valueString":"ci-build"}],"url":"http://hl7.org/fhir/tools/StructureDefinition/ig-parameter"},{"extension":[{"url":"code","valueString":"autoload-resources"},{"url":"value","valueString":"true"}],"url":"http://hl7.org/fhir/tools/StructureDefinition/ig-parameter"},{"extension":[{"url":"code","valueString":"path-liquid"},{"url":"value","valueString":"template/liquid"}],"url":"http://hl7.org/fhir/tools/StructureDefinition/ig-parameter"},{"extension":[{"url":"code","valueString":"path-liquid"},{"url":"value","valueString":"input/liquid"}],"url":"http://hl7.org/fhir/tools/StructureDefinition/ig-parameter"},{"extension":[{"url":"code","valueString":"path-qa"},{"url":"value","valueString":"temp/qa"}],"url":"http://hl7.org/fhir/tools/StructureDefinition/ig-parameter"},{"extension":[{"url":"code","valueString":"path-temp"},{"url":"value","valueString":"temp/pages"}],"url":"http://hl7.org/fhir/tools/StructureDefinition/ig-parameter"},{"extension":[{"url":"code","valueString":"path-output"},{"url":"value","valueString":"output"}],"url":"http://hl7.org/fhir/tools/StructureDefinition/ig-parameter"},{"extension":[{"url":"code","valueString":"path-suppressed-warnings"},{"url":"value","valueString":"input/ignoreWarnings.txt"}],"url":"http://hl7.org/fhir/tools/StructureDefinition/ig-parameter"},{"extension":[{"url":"code","valueString":"path-history"},{"url":"value","valueString":"https://ths-greifswald.de/fhir/epix/history.html"}],"url":"http://hl7.org/fhir/tools/StructureDefinition/ig-parameter"},{"extension":[{"url":"code","valueString":"template-html"},{"url":"value","valueString":"template-page.html"}],"url":"http://hl7.org/fhir/tools/StructureDefinition/ig-parameter"},{"extension":[{"url":"code","valueString":"template-md"},{"url":"value","valueString":"template-page-md.html"}],"url":"http://hl7.org/fhir/tools/StructureDefinition/ig-parameter"},{"extension":[{"url":"code","valueString":"apply-contact"},{"url":"value","valueString":"true"}],"url":"http://hl7.org/fhir/tools/StructureDefinition/ig-parameter"},{"extension":[{"url":"code","valueString":"apply-context"},{"url":"value","valueString":"true"}],"url":"http://hl7.org/fhir/tools/StructureDefinition/ig-parameter"},{"extension":[{"url":"code","valueString":"apply-copyright"},{"url":"value","valueString":"true"}],"url":"http://hl7.org/fhir/tools/StructureDefinition/ig-parameter"},{"extension":[{"url":"code","valueString":"apply-jurisdiction"},{"url":"value","valueString":"true"}],"url":"http://hl7.org/fhir/tools/StructureDefinition/ig-parameter"},{"extension":[{"url":"code","valueString":"apply-license"},{"url":"value","valueString":"true"}],"url":"http://hl7.org/fhir/tools/StructureDefinition/ig-parameter"},{"extension":[{"url":"code","valueString":"apply-publisher"},{"url":"value","valueString":"true"}],"url":"http://hl7.org/fhir/tools/StructureDefinition/ig-parameter"},{"extension":[{"url":"code","valueString":"apply-version"},{"url":"value","valueString":"true"}],"url":"http://hl7.org/fhir/tools/StructureDefinition/ig-parameter"},{"extension":[{"url":"code","valueString":"apply-wg"},{"url":"value","valueString":"true"}],"url":"http://hl7.org/fhir/tools/StructureDefinition/ig-parameter"},{"extension":[{"url":"code","valueString":"active-tables"},{"url":"value","valueString":"true"}],"url":"http://hl7.org/fhir/tools/StructureDefinition/ig-parameter"},{"extension":[{"url":"code","valueString":"fmm-definition"},{"url":"value","valueString":"http://hl7.org/fhir/versions.html#maturity"}],"url":"http://hl7.org/fhir/tools/StructureDefinition/ig-parameter"},{"extension":[{"url":"code","valueString":"propagate-status"},{"url":"value","valueString":"true"}],"url":"http://hl7.org/fhir/tools/StructureDefinition/ig-parameter"},{"extension":[{"url":"code","valueString":"excludelogbinaryformat"},{"url":"value","valueString":"true"}],"url":"http://hl7.org/fhir/tools/StructureDefinition/ig-parameter"},{"extension":[{"url":"code","valueString":"tabbed-snapshots"},{"url":"value","valueString":"true"}],"url":"http://hl7.org/fhir/tools/StructureDefinition/ig-parameter"},{"url":"http://hl7.org/fhir/tools/StructureDefinition/ig-internal-dependency","valueCode":"hl7.fhir.uv.tools.r4#0.8.0"},{"extension":[{"url":"code","valueCode":"copyrightyear"},{"url":"value","valueString":"2021+"}],"url":"http://hl7.org/fhir/tools/StructureDefinition/ig-parameter"},{"extension":[{"url":"code","valueCode":"releaselabel"},{"url":"value","valueString":"ci-build"}],"url":"http://hl7.org/fhir/tools/StructureDefinition/ig-parameter"},{"extension":[{"url":"code","valueCode":"autoload-resources"},{"url":"value","valueString":"true"}],"url":"http://hl7.org/fhir/tools/StructureDefinition/ig-parameter"},{"extension":[{"url":"code","valueCode":"path-liquid"},{"url":"value","valueString":"template/liquid"}],"url":"http://hl7.org/fhir/tools/StructureDefinition/ig-parameter"},{"extension":[{"url":"code","valueCode":"path-liquid"},{"url":"value","valueString":"input/liquid"}],"url":"http://hl7.org/fhir/tools/StructureDefinition/ig-parameter"},{"extension":[{"url":"code","valueCode":"path-qa"},{"url":"value","valueString":"temp/qa"}],"url":"http://hl7.org/fhir/tools/StructureDefinition/ig-parameter"},{"extension":[{"url":"code","valueCode":"path-temp"},{"url":"value","valueString":"temp/pages"}],"url":"http://hl7.org/fhir/tools/StructureDefinition/ig-parameter"},{"extension":[{"url":"code","valueCode":"path-output"},{"url":"value","valueString":"output"}],"url":"http://hl7.org/fhir/tools/StructureDefinition/ig-parameter"},{"extension":[{"url":"code","valueCode":"path-suppressed-warnings"},{"url":"value","valueString":"input/ignoreWarnings.txt"}],"url":"http://hl7.org/fhir/tools/StructureDefinition/ig-parameter"},{"extension":[{"url":"code","valueCode":"path-history"},{"url":"value","valueString":"https://ths-greifswald.de/fhir/epix/history.html"}],"url":"http://hl7.org/fhir/tools/StructureDefinition/ig-parameter"},{"extension":[{"url":"code","valueCode":"template-html"},{"url":"value","valueString":"template-page.html"}],"url":"http://hl7.org/fhir/tools/StructureDefinition/ig-parameter"},{"extension":[{"url":"code","valueCode":"template-md"},{"url":"value","valueString":"template-page-md.html"}],"url":"http://hl7.org/fhir/tools/StructureDefinition/ig-parameter"},{"extension":[{"url":"code","valueCode":"apply-contact"},{"url":"value","valueString":"true"}],"url":"http://hl7.org/fhir/tools/StructureDefinition/ig-parameter"},{"extension":[{"url":"code","valueCode":"apply-context"},{"url":"value","valueString":"true"}],"url":"http://hl7.org/fhir/tools/StructureDefinition/ig-parameter"},{"extension":[{"url":"code","valueCode":"apply-copyright"},{"url":"value","valueString":"true"}],"url":"http://hl7.org/fhir/tools/StructureDefinition/ig-parameter"},{"extension":[{"url":"code","valueCode":"apply-jurisdiction"},{"url":"value","valueString":"true"}],"url":"http://hl7.org/fhir/tools/StructureDefinition/ig-parameter"},{"extension":[{"url":"code","valueCode":"apply-license"},{"url":"value","valueString":"true"}],"url":"http://hl7.org/fhir/tools/StructureDefinition/ig-parameter"},{"extension":[{"url":"code","valueCode":"apply-publisher"},{"url":"value","valueString":"true"}],"url":"http://hl7.org/fhir/tools/StructureDefinition/ig-parameter"},{"extension":[{"url":"code","valueCode":"apply-version"},{"url":"value","valueString":"true"}],"url":"http://hl7.org/fhir/tools/StructureDefinition/ig-parameter"},{"extension":[{"url":"code","valueCode":"apply-wg"},{"url":"value","valueString":"true"}],"url":"http://hl7.org/fhir/tools/StructureDefinition/ig-parameter"},{"extension":[{"url":"code","valueCode":"active-tables"},{"url":"value","valueString":"true"}],"url":"http://hl7.org/fhir/tools/StructureDefinition/ig-parameter"},{"extension":[{"url":"code","valueCode":"fmm-definition"},{"url":"value","valueString":"http://hl7.org/fhir/versions.html#maturity"}],"url":"http://hl7.org/fhir/tools/StructureDefinition/ig-parameter"},{"extension":[{"url":"code","valueCode":"propagate-status"},{"url":"value","valueString":"true"}],"url":"http://hl7.org/fhir/tools/StructureDefinition/ig-parameter"},{"extension":[{"url":"code","valueCode":"excludelogbinaryformat"},{"url":"value","valueString":"true"}],"url":"http://hl7.org/fhir/tools/StructureDefinition/ig-parameter"},{"extension":[{"url":"code","valueCode":"tabbed-snapshots"},{"url":"value","valueString":"true"}],"url":"http://hl7.org/fhir/tools/StructureDefinition/ig-parameter"},{"extension":[{"url":"code","valueCode":"copyrightyear"},{"url":"value","valueString":"2021+"}],"url":"http://hl7.org/fhir/tools/StructureDefinition/ig-parameter"},{"extension":[{"url":"code","valueCode":"releaselabel"},{"url":"value","valueString":"ci-build"}],"url":"http://hl7.org/fhir/tools/StructureDefinition/ig-parameter"},{"extension":[{"url":"code","valueCode":"autoload-resources"},{"url":"value","valueString":"true"}],"url":"http://hl7.org/fhir/tools/StructureDefinition/ig-parameter"},{"extension":[{"url":"code","valueCode":"path-liquid"},{"url":"value","valueString":"template/liquid"}],"url":"http://hl7.org/fhir/tools/StructureDefinition/ig-parameter"},{"extension":[{"url":"code","valueCode":"path-liquid"},{"url":"value","valueString":"input/liquid"}],"url":"http://hl7.org/fhir/tools/StructureDefinition/ig-parameter"},{"extension":[{"url":"code","valueCode":"path-qa"},{"url":"value","valueString":"temp/qa"}],"url":"http://hl7.org/fhir/tools/StructureDefinition/ig-parameter"},{"extension":[{"url":"code","valueCode":"path-temp"},{"url":"value","valueString":"temp/pages"}],"url":"http://hl7.org/fhir/tools/StructureDefinition/ig-parameter"},{"extension":[{"url":"code","valueCode":"path-output"},{"url":"value","valueString":"output"}],"url":"http://hl7.org/fhir/tools/StructureDefinition/ig-parameter"},{"extension":[{"url":"code","valueCode":"path-suppressed-warnings"},{"url":"value","valueString":"input/ignoreWarnings.txt"}],"url":"http://hl7.org/fhir/tools/StructureDefinition/ig-parameter"},{"extension":[{"url":"code","valueCode":"path-history"},{"url":"value","valueString":"https://ths-greifswald.de/fhir/epix/history.html"}],"url":"http://hl7.org/fhir/tools/StructureDefinition/ig-parameter"},{"extension":[{"url":"code","valueCode":"template-html"},{"url":"value","valueString":"template-page.html"}],"url":"http://hl7.org/fhir/tools/StructureDefinition/ig-parameter"},{"extension":[{"url":"code","valueCode":"template-md"},{"url":"value","valueString":"template-page-md.html"}],"url":"http://hl7.org/fhir/tools/StructureDefinition/ig-parameter"},{"extension":[{"url":"code","valueCode":"apply-contact"},{"url":"value","valueString":"true"}],"url":"http://hl7.org/fhir/tools/StructureDefinition/ig-parameter"},{"extension":[{"url":"code","valueCode":"apply-context"},{"url":"value","valueString":"true"}],"url":"http://hl7.org/fhir/tools/StructureDefinition/ig-parameter"},{"extension":[{"url":"code","valueCode":"apply-copyright"},{"url":"value","valueString":"true"}],"url":"http://hl7.org/fhir/tools/StructureDefinition/ig-parameter"},{"extension":[{"url":"code","valueCode":"apply-jurisdiction"},{"url":"value","valueString":"true"}],"url":"http://hl7.org/fhir/tools/StructureDefinition/ig-parameter"},{"extension":[{"url":"code","valueCode":"apply-license"},{"url":"value","valueString":"true"}],"url":"http://hl7.org/fhir/tools/StructureDefinition/ig-parameter"},{"extension":[{"url":"code","valueCode":"apply-publisher"},{"url":"value","valueString":"true"}],"url":"http://hl7.org/fhir/tools/StructureDefinition/ig-parameter"},{"extension":[{"url":"code","valueCode":"apply-version"},{"url":"value","valueString":"true"}],"url":"http://hl7.org/fhir/tools/StructureDefinition/ig-parameter"},{"extension":[{"url":"code","valueCode":"apply-wg"},{"url":"value","valueString":"true"}],"url":"http://hl7.org/fhir/tools/StructureDefinition/ig-parameter"},{"extension":[{"url":"code","valueCode":"active-tables"},{"url":"value","valueString":"true"}],"url":"http://hl7.org/fhir/tools/StructureDefinition/ig-parameter"},{"extension":[{"url":"code","valueCode":"fmm-definition"},{"url":"value","valueString":"http://hl7.org/fhir/versions.html#maturity"}],"url":"http://hl7.org/fhir/tools/StructureDefinition/ig-parameter"},{"extension":[{"url":"code","valueCode":"propagate-status"},{"url":"value","valueString":"true"}],"url":"http://hl7.org/fhir/tools/StructureDefinition/ig-parameter"},{"extension":[{"url":"code","valueCode":"excludelogbinaryformat"},{"url":"value","valueString":"true"}],"url":"http://hl7.org/fhir/tools/StructureDefinition/ig-parameter"},{"extension":[{"url":"code","valueCode":"tabbed-snapshots"},{"url":"value","valueString":"true"}],"url":"http://hl7.org/fhir/tools/StructureDefinition/ig-parameter"}],"grouping":[{"id":"-dyn-operationdefinition","name":"Behavior: Operation Definitions","description":"These are custom operations that can be supported by and/or invoked by systems conforming to this implementation guide."},{"id":"-str-profile","name":"Structures: Resource Profiles","description":"These define constraints on FHIR resources for systems conforming to this implementation guide."},{"id":"-str-extension","name":"Structures: Extension Definitions","description":"These define constraints on FHIR data types for systems conforming to this implementation guide."},{"id":"-term-valueset","name":"Terminology: Value Sets","description":"These define sets of codes used by systems conforming to this implementation guide."},{"id":"-term-codesystem","name":"Terminology: Code Systems","description":"These define new code systems used by systems conforming to this implementation guide."},{"id":"-ex-example","name":"Example: Example Instances","description":"These are example instances that show what data produced and consumed by systems conforming with this implementation guide might look like."}],"resource":[{"extension":[{"url":"http://hl7.org/fhir/tools/StructureDefinition/resource-sort","valueInteger":999999999},{"url":"http://hl7.org/fhir/StructureDefinition/implementationguide-page","valueUri":"OperationDefinition-AddPatient.html"}],"reference":{"reference":"OperationDefinition/AddPatient"},"name":"addPatient","description":"Fügt eine oder mehrere Patientenidentitäten hinzu.","exampleBoolean":false,"groupingId":"-dyn-operationdefinition"},{"extension":[{"url":"http://hl7.org/fhir/tools/StructureDefinition/resource-sort","valueInteger":999999999},{"url":"http://hl7.org/fhir/StructureDefinition/implementationguide-page","valueUri":"OperationDefinition-AddPossibleMatch.html"}],"reference":{"reference":"OperationDefinition/AddPossibleMatch"},"name":"addPossibleMatch","description":"Fügt einen Match zu einem bestimmten MPI-Eintrag einer Domäne hinzu.","exampleBoolean":false,"groupingId":"-dyn-operationdefinition"},{"extension":[{"url":"http://hl7.org/fhir/tools/StructureDefinition/resource-sort","valueInteger":999999999},{"url":"http://hl7.org/fhir/StructureDefinition/implementationguide-page","valueUri":"OperationDefinition-AssignIdentity.html"}],"reference":{"reference":"OperationDefinition/AssignIdentity"},"name":"assignIdentity","description":"Verschiebt die Zuordnung einer Identität zu einer Person (MPI-Eintrag) auf eine andere Person, um eine erkannte Dublette (Match Result) zu beheben.","exampleBoolean":false,"groupingId":"-dyn-operationdefinition"},{"extension":[{"url":"http://hl7.org/fhir/tools/StructureDefinition/resource-sort","valueInteger":999999999},{"url":"http://hl7.org/fhir/StructureDefinition/implementationguide-page","valueUri":"OperationDefinition-AssignIdentityByIdentifier.html"}],"reference":{"reference":"OperationDefinition/AssignIdentityByIdentifier"},"name":"assignIdentityByIdentifier","description":"Verschiebt die Zuordnung einer Identität zu einer Person (MPI-Eintrag) auf eine andere Person. Selektionsparameter ist ein Identifier der Identität.","exampleBoolean":false,"groupingId":"-dyn-operationdefinition"},{"extension":[{"url":"http://hl7.org/fhir/tools/StructureDefinition/resource-sort","valueInteger":999999999},{"url":"http://hl7.org/fhir/StructureDefinition/implementationguide-page","valueUri":"OperationDefinition-QueryPossibleMatches.html"}],"reference":{"reference":"OperationDefinition/QueryPossibleMatches"},"name":"queryPossibleMatches","description":"Gibt Matches zu einer Domäne oder zu einem bestimmten MPI-Eintrag aus.","exampleBoolean":false,"groupingId":"-dyn-operationdefinition"},{"extension":[{"url":"http://hl7.org/fhir/tools/StructureDefinition/resource-sort","valueInteger":999999999},{"url":"http://hl7.org/fhir/StructureDefinition/implementationguide-page","valueUri":"OperationDefinition-RemovePossibleMatches.html"}],"reference":{"reference":"OperationDefinition/RemovePossibleMatches"},"name":"removePossibleMatches","description":"Entfernt Matches aus einer Domäne.","exampleBoolean":false,"groupingId":"-dyn-operationdefinition"},{"extension":[{"url":"http://hl7.org/fhir/tools/StructureDefinition/resource-sort","valueInteger":999999999},{"url":"http://hl7.org/fhir/StructureDefinition/implementationguide-page","valueUri":"OperationDefinition-SetReferenceIdentity.html"}],"reference":{"reference":"OperationDefinition/SetReferenceIdentity"},"name":"setReferenceIdentity","description":"Ändert die Referenz-Identität einer vorhandenen Person (MPI-Eintrag), d.h. diejenigen Daten einer Person, die primäre Gültigkeit haben sollen.","exampleBoolean":false,"groupingId":"-dyn-operationdefinition"},{"extension":[{"url":"http://hl7.org/fhir/tools/StructureDefinition/resource-sort","valueInteger":999999999},{"url":"http://hl7.org/fhir/StructureDefinition/implementationguide-page","valueUri":"OperationDefinition-UpdatePatient.html"}],"reference":{"reference":"OperationDefinition/UpdatePatient"},"name":"updatePatient","description":"Aktualisiert Patienten-Identitäten eines MPI-Eintrags.","exampleBoolean":false,"groupingId":"-dyn-operationdefinition"},{"extension":[{"url":"http://hl7.org/fhir/tools/StructureDefinition/resource-sort","valueInteger":999999999},{"url":"http://hl7.org/fhir/StructureDefinition/implementationguide-page","valueUri":"StructureDefinition-Patient.html"}],"reference":{"reference":"StructureDefinition/Patient"},"name":"Patient","description":"Patienten-Identität (Variante/Schreibweise) einer realen Person (vgl. auch MPI Eintrag, Person-Profil).","exampleBoolean":false,"groupingId":"-str-profile"},{"extension":[{"url":"http://hl7.org/fhir/tools/StructureDefinition/resource-sort","valueInteger":999999999},{"url":"http://hl7.org/fhir/StructureDefinition/implementationguide-page","valueUri":"StructureDefinition-Person.html"}],"reference":{"reference":"StructureDefinition/Person"},"name":"Person","description":"Allgemeines Personen-Profil. Repräsentiert die reale Person (MPI Eintrag), mit beliebig vielen Varianten/Schreibweisen. Letztere werden als Patienten-Identitäten abgebildet (=> Patient-Profil). Die Referenz-Identität wird als aktuell korrekte Variante festgelegt und durch die Angabe von link.assurance='level4' repräsentiert. Es existiert immer genau 1 Link mit diesem Assurance-Level.","exampleBoolean":false,"groupingId":"-str-profile"},{"extension":[{"url":"http://hl7.org/fhir/tools/StructureDefinition/resource-sort","valueInteger":999999999},{"url":"http://hl7.org/fhir/StructureDefinition/implementationguide-page","valueUri":"StructureDefinition-CustomIdatValues.html"}],"reference":{"reference":"StructureDefinition/CustomIdatValues"},"name":"Custom IDAT Values","description":"Set von bis zu zehn individualisierbaren Werten zur Dokumentation von personenidentifizierenden Daten im E-PIX","exampleBoolean":false,"groupingId":"-str-extension"},{"extension":[{"url":"http://hl7.org/fhir/tools/StructureDefinition/resource-sort","valueInteger":999999999},{"url":"http://hl7.org/fhir/StructureDefinition/implementationguide-page","valueUri":"ValueSet-BloomfilterTypeVS.html"}],"reference":{"reference":"ValueSet/BloomfilterTypeVS"},"name":"BloomfilterType","exampleBoolean":false,"groupingId":"-term-valueset"},{"extension":[{"url":"http://hl7.org/fhir/tools/StructureDefinition/resource-sort","valueInteger":999999999},{"url":"http://hl7.org/fhir/StructureDefinition/implementationguide-page","valueUri":"ValueSet-ConsentComponentTypeVS.html"}],"reference":{"reference":"ValueSet/ConsentComponentTypeVS"},"name":"ConsentComponentType","exampleBoolean":false,"groupingId":"-term-valueset"},{"extension":[{"url":"http://hl7.org/fhir/tools/StructureDefinition/resource-sort","valueInteger":999999999},{"url":"http://hl7.org/fhir/StructureDefinition/implementationguide-page","valueUri":"ValueSet-ConsentPolicyActionVS.html"}],"reference":{"reference":"ValueSet/ConsentPolicyActionVS"},"name":"ConsentPolicyAction","exampleBoolean":false,"groupingId":"-term-valueset"},{"extension":[{"url":"http://hl7.org/fhir/tools/StructureDefinition/resource-sort","valueInteger":999999999},{"url":"http://hl7.org/fhir/StructureDefinition/implementationguide-page","valueUri":"ValueSet-ConsentPolicyActorVS.html"}],"reference":{"reference":"ValueSet/ConsentPolicyActorVS"},"name":"ConsentPolicyActor","exampleBoolean":false,"groupingId":"-term-valueset"},{"extension":[{"url":"http://hl7.org/fhir/tools/StructureDefinition/resource-sort","valueInteger":999999999},{"url":"http://hl7.org/fhir/StructureDefinition/implementationguide-page","valueUri":"ValueSet-ConsentPolicyClassVS.html"}],"reference":{"reference":"ValueSet/ConsentPolicyClassVS"},"name":"ConsentPolicyClass","exampleBoolean":false,"groupingId":"-term-valueset"},{"extension":[{"url":"http://hl7.org/fhir/tools/StructureDefinition/resource-sort","valueInteger":999999999},{"url":"http://hl7.org/fhir/StructureDefinition/implementationguide-page","valueUri":"ValueSet-ConsentPolicyPurposeVS.html"}],"reference":{"reference":"ValueSet/ConsentPolicyPurposeVS"},"name":"ConsentPolicyPurpose","exampleBoolean":false,"groupingId":"-term-valueset"},{"extension":[{"url":"http://hl7.org/fhir/tools/StructureDefinition/resource-sort","valueInteger":999999999},{"url":"http://hl7.org/fhir/StructureDefinition/implementationguide-page","valueUri":"ValueSet-ConsentStatusVS.html"}],"reference":{"reference":"ValueSet/ConsentStatusVS"},"name":"ConsentStatus","exampleBoolean":false,"groupingId":"-term-valueset"},{"extension":[{"url":"http://hl7.org/fhir/tools/StructureDefinition/resource-sort","valueInteger":999999999},{"url":"http://hl7.org/fhir/StructureDefinition/implementationguide-page","valueUri":"ValueSet-ConsentStatusConsentFullValuesVS.html"}],"reference":{"reference":"ValueSet/ConsentStatusConsentFullValuesVS"},"name":"ConsentStatusConsentFullValues","exampleBoolean":false,"groupingId":"-term-valueset"},{"extension":[{"url":"http://hl7.org/fhir/tools/StructureDefinition/resource-sort","valueInteger":999999999},{"url":"http://hl7.org/fhir/StructureDefinition/implementationguide-page","valueUri":"ValueSet-ConsentStatusConsentOptOutFullValuesVS.html"}],"reference":{"reference":"ValueSet/ConsentStatusConsentOptOutFullValuesVS"},"name":"ConsentStatusConsentOptOutFullValues","exampleBoolean":false,"groupingId":"-term-valueset"},{"extension":[{"url":"http://hl7.org/fhir/tools/StructureDefinition/resource-sort","valueInteger":999999999},{"url":"http://hl7.org/fhir/StructureDefinition/implementationguide-page","valueUri":"ValueSet-ConsentStatusConsentOptOutShortValuesVS.html"}],"reference":{"reference":"ValueSet/ConsentStatusConsentOptOutShortValuesVS"},"name":"ConsentStatusConsentOptOutShortValues","exampleBoolean":false,"groupingId":"-term-valueset"},{"extension":[{"url":"http://hl7.org/fhir/tools/StructureDefinition/resource-sort","valueInteger":999999999},{"url":"http://hl7.org/fhir/StructureDefinition/implementationguide-page","valueUri":"ValueSet-ConsentStatusConsentShortValuesVS.html"}],"reference":{"reference":"ValueSet/ConsentStatusConsentShortValuesVS"},"name":"ConsentStatusConsentShortValues","exampleBoolean":false,"groupingId":"-term-valueset"},{"extension":[{"url":"http://hl7.org/fhir/tools/StructureDefinition/resource-sort","valueInteger":999999999},{"url":"http://hl7.org/fhir/StructureDefinition/implementationguide-page","valueUri":"ValueSet-ConsentStatusObjectionFullValuesVS.html"}],"reference":{"reference":"ValueSet/ConsentStatusObjectionFullValuesVS"},"name":"ConsentStatusObjectionFullValues","exampleBoolean":false,"groupingId":"-term-valueset"},{"extension":[{"url":"http://hl7.org/fhir/tools/StructureDefinition/resource-sort","valueInteger":999999999},{"url":"http://hl7.org/fhir/StructureDefinition/implementationguide-page","valueUri":"ValueSet-ConsentStatusObjectionShortValuesVS.html"}],"reference":{"reference":"ValueSet/ConsentStatusObjectionShortValuesVS"},"name":"ConsentStatusObjectionShortValues","exampleBoolean":false,"groupingId":"-term-valueset"},{"extension":[{"url":"http://hl7.org/fhir/tools/StructureDefinition/resource-sort","valueInteger":999999999},{"url":"http://hl7.org/fhir/StructureDefinition/implementationguide-page","valueUri":"ValueSet-ConsentStatusRefusalFullValuesVS.html"}],"reference":{"reference":"ValueSet/ConsentStatusRefusalFullValuesVS"},"name":"ConsentStatusRefusalFullValues","exampleBoolean":false,"groupingId":"-term-valueset"},{"extension":[{"url":"http://hl7.org/fhir/tools/StructureDefinition/resource-sort","valueInteger":999999999},{"url":"http://hl7.org/fhir/StructureDefinition/implementationguide-page","valueUri":"ValueSet-ConsentStatusRefusalShortValuesVS.html"}],"reference":{"reference":"ValueSet/ConsentStatusRefusalShortValuesVS"},"name":"ConsentStatusRefusalShortValues","exampleBoolean":false,"groupingId":"-term-valueset"},{"extension":[{"url":"http://hl7.org/fhir/tools/StructureDefinition/resource-sort","valueInteger":999999999},{"url":"http://hl7.org/fhir/StructureDefinition/implementationguide-page","valueUri":"ValueSet-ConsentStatusWithdrawalFullValuesVS.html"}],"reference":{"reference":"ValueSet/ConsentStatusWithdrawalFullValuesVS"},"name":"ConsentStatusWithdrawalFullValues","exampleBoolean":false,"groupingId":"-term-valueset"},{"extension":[{"url":"http://hl7.org/fhir/tools/StructureDefinition/resource-sort","valueInteger":999999999},{"url":"http://hl7.org/fhir/StructureDefinition/implementationguide-page","valueUri":"ValueSet-ConsentStatusWithdrawalShortValuesVS.html"}],"reference":{"reference":"ValueSet/ConsentStatusWithdrawalShortValuesVS"},"name":"ConsentStatusWithdrawalShortValues","exampleBoolean":false,"groupingId":"-term-valueset"},{"extension":[{"url":"http://hl7.org/fhir/tools/StructureDefinition/resource-sort","valueInteger":999999999},{"url":"http://hl7.org/fhir/StructureDefinition/implementationguide-page","valueUri":"ValueSet-IdMatchingTypeVS.html"}],"reference":{"reference":"ValueSet/IdMatchingTypeVS"},"name":"IdMatchingType","exampleBoolean":false,"groupingId":"-term-valueset"},{"extension":[{"url":"http://hl7.org/fhir/tools/StructureDefinition/resource-sort","valueInteger":999999999},{"url":"http://hl7.org/fhir/StructureDefinition/implementationguide-page","valueUri":"ValueSet-IdatElementsVS.html"}],"reference":{"reference":"ValueSet/IdatElementsVS"},"name":"IdatElements","exampleBoolean":false,"groupingId":"-term-valueset"},{"extension":[{"url":"http://hl7.org/fhir/tools/StructureDefinition/resource-sort","valueInteger":999999999},{"url":"http://hl7.org/fhir/StructureDefinition/implementationguide-page","valueUri":"ValueSet-MatchStatusVS.html"}],"reference":{"reference":"ValueSet/MatchStatusVS"},"name":"MatchStatus","exampleBoolean":false,"groupingId":"-term-valueset"},{"extension":[{"url":"http://hl7.org/fhir/tools/StructureDefinition/resource-sort","valueInteger":999999999},{"url":"http://hl7.org/fhir/StructureDefinition/implementationguide-page","valueUri":"ValueSet-PolicyVS.html"}],"reference":{"reference":"ValueSet/PolicyVS"},"name":"Policy","exampleBoolean":false,"groupingId":"-term-valueset"},{"extension":[{"url":"http://hl7.org/fhir/tools/StructureDefinition/resource-sort","valueInteger":999999999},{"url":"http://hl7.org/fhir/StructureDefinition/implementationguide-page","valueUri":"ValueSet-PolicyStatusVS.html"}],"reference":{"reference":"ValueSet/PolicyStatusVS"},"name":"PolicyStatus","exampleBoolean":false,"groupingId":"-term-valueset"},{"extension":[{"url":"http://hl7.org/fhir/tools/StructureDefinition/resource-sort","valueInteger":999999999},{"url":"http://hl7.org/fhir/StructureDefinition/implementationguide-page","valueUri":"ValueSet-SaveActionVS.html"}],"reference":{"reference":"ValueSet/SaveActionVS"},"name":"SaveAction","exampleBoolean":false,"groupingId":"-term-valueset"},{"extension":[{"url":"http://hl7.org/fhir/tools/StructureDefinition/resource-sort","valueInteger":999999999},{"url":"http://hl7.org/fhir/StructureDefinition/implementationguide-page","valueUri":"CodeSystem-BloomfilterTypeCS.html"}],"reference":{"reference":"CodeSystem/BloomfilterTypeCS"},"name":"BloomfilterType","description":"Types of Bloomfilters.","exampleBoolean":false,"groupingId":"-term-codesystem"},{"extension":[{"url":"http://hl7.org/fhir/tools/StructureDefinition/resource-sort","valueInteger":999999999},{"url":"http://hl7.org/fhir/StructureDefinition/implementationguide-page","valueUri":"CodeSystem-ConsentComponentTypeCS.html"}],"reference":{"reference":"CodeSystem/ConsentComponentTypeCS"},"name":"ConsentComponentType","description":"Typen der für gICS relevanten Consent-Componenten zur Unterscheidung als Suchkriterium","exampleBoolean":false,"groupingId":"-term-codesystem"},{"extension":[{"url":"http://hl7.org/fhir/tools/StructureDefinition/resource-sort","valueInteger":999999999},{"url":"http://hl7.org/fhir/StructureDefinition/implementationguide-page","valueUri":"CodeSystem-ConsentPolicyActionCS.html"}],"reference":{"reference":"CodeSystem/ConsentPolicyActionCS"},"name":"ConsentPolicyAction","description":"Extensible description of the permissible (data processing-) action resulting from consented module or policy.","exampleBoolean":false,"groupingId":"-term-codesystem"},{"extension":[{"url":"http://hl7.org/fhir/tools/StructureDefinition/resource-sort","valueInteger":999999999},{"url":"http://hl7.org/fhir/StructureDefinition/implementationguide-page","valueUri":"CodeSystem-ConsentPolicyActorCS.html"}],"reference":{"reference":"CodeSystem/ConsentPolicyActorCS"},"name":"ConsentPolicyActor","description":"Expandable categorisation of consumer/requestor of a consent enforcement request  related to a specific consent component (e.g. policy or module)","exampleBoolean":false,"groupingId":"-term-codesystem"},{"extension":[{"url":"http://hl7.org/fhir/tools/StructureDefinition/resource-sort","valueInteger":999999999},{"url":"http://hl7.org/fhir/StructureDefinition/implementationguide-page","valueUri":"CodeSystem-ConsentPolicyClassCS.html"}],"reference":{"reference":"CodeSystem/ConsentPolicyClassCS"},"name":"ConsentPolicyClass","description":"Extensible description of the application perspective of a ConsentPolicy (e.g. selected data view 'IDAT')","exampleBoolean":false,"groupingId":"-term-codesystem"},{"extension":[{"url":"http://hl7.org/fhir/tools/StructureDefinition/resource-sort","valueInteger":999999999},{"url":"http://hl7.org/fhir/StructureDefinition/implementationguide-page","valueUri":"CodeSystem-ConsentPolicyPurposeCS.html"}],"reference":{"reference":"CodeSystem/ConsentPolicyPurposeCS"},"name":"ConsentPolicyPurpose","description":"Expandable specification of the application context and/or scope of a consent policy or module","exampleBoolean":false,"groupingId":"-term-codesystem"},{"extension":[{"url":"http://hl7.org/fhir/tools/StructureDefinition/resource-sort","valueInteger":999999999},{"url":"http://hl7.org/fhir/StructureDefinition/implementationguide-page","valueUri":"CodeSystem-ConsentStatusCS.html"}],"reference":{"reference":"CodeSystem/ConsentStatusCS"},"name":"ConsentStatus","description":" consent states are used to depict the participant’s will. Therefore, documentation should allow different status values. Further details from https://doi.org/10.1186/s12967-020-02457-y","exampleBoolean":false,"groupingId":"-term-codesystem"},{"extension":[{"url":"http://hl7.org/fhir/tools/StructureDefinition/resource-sort","valueInteger":999999999},{"url":"http://hl7.org/fhir/StructureDefinition/implementationguide-page","valueUri":"CodeSystem-DesignationUseCS.html"}],"reference":{"reference":"CodeSystem/DesignationUseCS"},"name":"DesignationUse","description":"Use codes (contexts) for terminology designations","exampleBoolean":false,"groupingId":"-term-codesystem"},{"extension":[{"url":"http://hl7.org/fhir/tools/StructureDefinition/resource-sort","valueInteger":999999999},{"url":"http://hl7.org/fhir/StructureDefinition/implementationguide-page","valueUri":"CodeSystem-IdMatchingTypeCS.html"}],"reference":{"reference":"CodeSystem/IdMatchingTypeCS"},"name":"IdMatchingType","description":"ID matching types used in consent management","exampleBoolean":false,"groupingId":"-term-codesystem"},{"extension":[{"url":"http://hl7.org/fhir/tools/StructureDefinition/resource-sort","valueInteger":999999999},{"url":"http://hl7.org/fhir/StructureDefinition/implementationguide-page","valueUri":"CodeSystem-IdatElementsCS.html"}],"reference":{"reference":"CodeSystem/IdatElementsCS"},"name":"IdatElements","description":"Element names for use in $requestTasks operation.","exampleBoolean":false,"groupingId":"-term-codesystem"},{"extension":[{"url":"http://hl7.org/fhir/tools/StructureDefinition/resource-sort","valueInteger":999999999},{"url":"http://hl7.org/fhir/StructureDefinition/implementationguide-page","valueUri":"CodeSystem-MatchStatusCS.html"}],"reference":{"reference":"CodeSystem/MatchStatusCS"},"name":"MatchStatus","description":"Possible match statuses in the context of adding patient identities.","exampleBoolean":false,"groupingId":"-term-codesystem"},{"extension":[{"url":"http://hl7.org/fhir/tools/StructureDefinition/resource-sort","valueInteger":999999999},{"url":"http://hl7.org/fhir/StructureDefinition/implementationguide-page","valueUri":"CodeSystem-PolicyCS.html"}],"reference":{"reference":"CodeSystem/PolicyCS"},"name":"Policy","description":"Policies used in consent management","exampleBoolean":false,"groupingId":"-term-codesystem"},{"extension":[{"url":"http://hl7.org/fhir/tools/StructureDefinition/resource-sort","valueInteger":999999999},{"url":"http://hl7.org/fhir/StructureDefinition/implementationguide-page","valueUri":"CodeSystem-SaveActionCS.html"}],"reference":{"reference":"CodeSystem/SaveActionCS"},"name":"SaveAction","description":"Possible save actions in the context of adding patient identities.","exampleBoolean":false,"groupingId":"-term-codesystem"},{"extension":[{"url":"http://hl7.org/fhir/tools/StructureDefinition/resource-sort","valueInteger":999999999},{"url":"http://hl7.org/fhir/StructureDefinition/implementationguide-page","valueUri":"OperationOutcome-AssignIdentityByIdentifier-example1.html"}],"reference":{"reference":"OperationOutcome/AssignIdentityByIdentifier-example1"},"name":"AssignIdentityByIdentifier-example1","exampleBoolean":true,"groupingId":"-ex-example"},{"extension":[{"url":"http://hl7.org/fhir/tools/StructureDefinition/resource-sort","valueInteger":999999999},{"url":"http://hl7.org/fhir/StructureDefinition/implementationguide-page","valueUri":"OperationOutcome-OperationOutcome-AssignIdentity-response-example-1.html"}],"reference":{"reference":"OperationOutcome/OperationOutcome-AssignIdentity-response-example-1"},"name":"OperationOutcome-AssignIdentity-response-example-1","exampleBoolean":true,"groupingId":"-ex-example"},{"extension":[{"url":"http://hl7.org/fhir/tools/StructureDefinition/resource-sort","valueInteger":999999999},{"url":"http://hl7.org/fhir/StructureDefinition/implementationguide-page","valueUri":"OperationOutcome-OperationOutcome-RemovePossibleMatches-response-example-1.html"}],"reference":{"reference":"OperationOutcome/OperationOutcome-RemovePossibleMatches-response-example-1"},"name":"OperationOutcome-RemovePossibleMatches-response-example-1","exampleBoolean":true,"groupingId":"-ex-example"},{"extension":[{"url":"http://hl7.org/fhir/tools/StructureDefinition/resource-sort","valueInteger":999999999},{"url":"http://hl7.org/fhir/StructureDefinition/implementationguide-page","valueUri":"Parameters-Parameters-AddPatient-request-example-1.html"}],"reference":{"reference":"Parameters/Parameters-AddPatient-request-example-1"},"name":"Parameters-AddPatient-request-example-1","exampleBoolean":true,"groupingId":"-ex-example"},{"extension":[{"url":"http://hl7.org/fhir/tools/StructureDefinition/resource-sort","valueInteger":999999999},{"url":"http://hl7.org/fhir/StructureDefinition/implementationguide-page","valueUri":"Parameters-Parameters-AddPatient-response-example-1.html"}],"reference":{"reference":"Parameters/Parameters-AddPatient-response-example-1"},"name":"Parameters-AddPatient-response-example-1","exampleBoolean":true,"groupingId":"-ex-example"},{"extension":[{"url":"http://hl7.org/fhir/tools/StructureDefinition/resource-sort","valueInteger":999999999},{"url":"http://hl7.org/fhir/StructureDefinition/implementationguide-page","valueUri":"Parameters-Parameters-AddPossibleMatch-request-example-1.html"}],"reference":{"reference":"Parameters/Parameters-AddPossibleMatch-request-example-1"},"name":"Parameters-AddPossibleMatch-request-example-1","exampleBoolean":true,"groupingId":"-ex-example"},{"extension":[{"url":"http://hl7.org/fhir/tools/StructureDefinition/resource-sort","valueInteger":999999999},{"url":"http://hl7.org/fhir/StructureDefinition/implementationguide-page","valueUri":"Parameters-Parameters-AddPossibleMatch-response-example-1.html"}],"reference":{"reference":"Parameters/Parameters-AddPossibleMatch-response-example-1"},"name":"Parameters-AddPossibleMatch-response-example-1","exampleBoolean":true,"groupingId":"-ex-example"},{"extension":[{"url":"http://hl7.org/fhir/tools/StructureDefinition/resource-sort","valueInteger":999999999},{"url":"http://hl7.org/fhir/StructureDefinition/implementationguide-page","valueUri":"Parameters-Parameters-AssignIdentity-request-example-1.html"}],"reference":{"reference":"Parameters/Parameters-AssignIdentity-request-example-1"},"name":"Parameters-AssignIdentity-request-example-1","exampleBoolean":true,"groupingId":"-ex-example"},{"extension":[{"url":"http://hl7.org/fhir/tools/StructureDefinition/resource-sort","valueInteger":999999999},{"url":"http://hl7.org/fhir/StructureDefinition/implementationguide-page","valueUri":"Parameters-Parameters-AssignIdentityByIdentifier-request-example-1.html"}],"reference":{"reference":"Parameters/Parameters-AssignIdentityByIdentifier-request-example-1"},"name":"Parameters-AssignIdentityByIdentifier-request-example-1","exampleBoolean":true,"groupingId":"-ex-example"},{"extension":[{"url":"http://hl7.org/fhir/tools/StructureDefinition/resource-sort","valueInteger":999999999},{"url":"http://hl7.org/fhir/StructureDefinition/implementationguide-page","valueUri":"Parameters-Parameters-QueryPossibleMatches-request-example-1.html"}],"reference":{"reference":"Parameters/Parameters-QueryPossibleMatches-request-example-1"},"name":"Parameters-QueryPossibleMatches-request-example-1","exampleBoolean":true,"groupingId":"-ex-example"},{"extension":[{"url":"http://hl7.org/fhir/tools/StructureDefinition/resource-sort","valueInteger":999999999},{"url":"http://hl7.org/fhir/StructureDefinition/implementationguide-page","valueUri":"Parameters-Parameters-QueryPossibleMatches-response-example-1.html"}],"reference":{"reference":"Parameters/Parameters-QueryPossibleMatches-response-example-1"},"name":"Parameters-QueryPossibleMatches-response-example-1","exampleBoolean":true,"groupingId":"-ex-example"},{"extension":[{"url":"http://hl7.org/fhir/tools/StructureDefinition/resource-sort","valueInteger":999999999},{"url":"http://hl7.org/fhir/StructureDefinition/implementationguide-page","valueUri":"Parameters-Parameters-RemovePossibleMatches-request-example-1.html"}],"reference":{"reference":"Parameters/Parameters-RemovePossibleMatches-request-example-1"},"name":"Parameters-RemovePossibleMatches-request-example-1","exampleBoolean":true,"groupingId":"-ex-example"},{"extension":[{"url":"http://hl7.org/fhir/tools/StructureDefinition/resource-sort","valueInteger":999999999},{"url":"http://hl7.org/fhir/StructureDefinition/implementationguide-page","valueUri":"Parameters-Parameters-SetReferenceIdentity-request-example-1.html"}],"reference":{"reference":"Parameters/Parameters-SetReferenceIdentity-request-example-1"},"name":"Parameters-SetReferenceIdentity-request-example-1","exampleBoolean":true,"groupingId":"-ex-example"},{"extension":[{"url":"http://hl7.org/fhir/tools/StructureDefinition/resource-sort","valueInteger":999999999},{"url":"http://hl7.org/fhir/StructureDefinition/implementationguide-page","valueUri":"Parameters-Parameters-SetReferenceIdentity-response-example-1.html"}],"reference":{"reference":"Parameters/Parameters-SetReferenceIdentity-response-example-1"},"name":"Parameters-SetReferenceIdentity-response-example-1","exampleBoolean":true,"groupingId":"-ex-example"},{"extension":[{"url":"http://hl7.org/fhir/tools/StructureDefinition/resource-sort","valueInteger":999999999},{"url":"http://hl7.org/fhir/StructureDefinition/implementationguide-page","valueUri":"Parameters-Parameters-UpdatePatient-request-example-1.html"}],"reference":{"reference":"Parameters/Parameters-UpdatePatient-request-example-1"},"name":"Parameters-UpdatePatient-request-example-1","exampleBoolean":true,"groupingId":"-ex-example"},{"extension":[{"url":"http://hl7.org/fhir/tools/StructureDefinition/resource-sort","valueInteger":999999999},{"url":"http://hl7.org/fhir/StructureDefinition/implementationguide-page","valueUri":"Parameters-Parameters-UpdatePatient-response-example-1.html"}],"reference":{"reference":"Parameters/Parameters-UpdatePatient-response-example-1"},"name":"Parameters-UpdatePatient-response-example-1","exampleBoolean":true,"groupingId":"-ex-example"},{"extension":[{"url":"http://hl7.org/fhir/tools/StructureDefinition/resource-sort","valueInteger":999999999},{"url":"http://hl7.org/fhir/StructureDefinition/implementationguide-page","valueUri":"Patient-Patient-example-1.html"}],"reference":{"reference":"Patient/Patient-example-1"},"name":"Patient-example-1","exampleBoolean":true,"groupingId":"-ex-example"},{"extension":[{"url":"http://hl7.org/fhir/tools/StructureDefinition/resource-sort","valueInteger":999999999},{"url":"http://hl7.org/fhir/StructureDefinition/implementationguide-page","valueUri":"Patient-Patient-example-2.html"}],"reference":{"reference":"Patient/Patient-example-2"},"name":"Patient-example-2","exampleCanonical":"https://ths-greifswald.de/fhir/StructureDefinition/epix/Patient","groupingId":"-ex-example"},{"extension":[{"url":"http://hl7.org/fhir/tools/StructureDefinition/resource-sort","valueInteger":999999999},{"url":"http://hl7.org/fhir/StructureDefinition/implementationguide-page","valueUri":"Person-Person-example-1.html"}],"reference":{"reference":"Person/Person-example-1"},"name":"Person-example-1","exampleCanonical":"https://ths-greifswald.de/fhir/StructureDefinition/epix/Person","groupingId":"-ex-example"}],"page":{"extension":[{"url":"http://hl7.org/fhir/tools/StructureDefinition/ig-page-name","valueUrl":"toc.html"}],"nameUrl":"toc.html","title":"Table of Contents","generation":"html","page":[{"extension":[{"url":"http://hl7.org/fhir/tools/StructureDefinition/ig-page-name","valueUrl":"index.html"}],"nameUrl":"index.html","title":"Implementation Guide E-PIX","generation":"markdown"},{"extension":[{"url":"http://hl7.org/fhir/tools/StructureDefinition/ig-page-name","valueUrl":"PersonenUndPatienten-Suche.html"}],"nameUrl":"PersonenUndPatienten-Suche.html","title":"Personen- und Patienten-Suche","generation":"markdown"},{"extension":[{"url":"http://hl7.org/fhir/tools/StructureDefinition/ig-page-name","valueUrl":"Extensions.html"}],"nameUrl":"Extensions.html","title":"Extensions","generation":"markdown"},{"extension":[{"url":"http://hl7.org/fhir/tools/StructureDefinition/ig-page-name","valueUrl":"Allgemein.html"}],"nameUrl":"Allgemein.html","title":"Allgemein","generation":"markdown"},{"extension":[{"url":"http://hl7.org/fhir/tools/StructureDefinition/ig-page-name","valueUrl":"artifacts.html"}],"nameUrl":"artifacts.html","title":"Artifacts Summary","generation":"html","page":[{"extension":[{"url":"http://hl7.org/fhir/tools/StructureDefinition/ig-page-name","valueUrl":"OperationDefinition-AddPatient.html"}],"nameUrl":"OperationDefinition-AddPatient.html","title":"addPatient","generation":"generated"},{"extension":[{"url":"http://hl7.org/fhir/tools/StructureDefinition/ig-page-name","valueUrl":"OperationDefinition-AddPossibleMatch.html"}],"nameUrl":"OperationDefinition-AddPossibleMatch.html","title":"addPossibleMatch","generation":"generated"},{"extension":[{"url":"http://hl7.org/fhir/tools/StructureDefinition/ig-page-name","valueUrl":"OperationDefinition-AssignIdentity.html"}],"nameUrl":"OperationDefinition-AssignIdentity.html","title":"assignIdentity","generation":"generated"},{"extension":[{"url":"http://hl7.org/fhir/tools/StructureDefinition/ig-page-name","valueUrl":"OperationDefinition-AssignIdentityByIdentifier.html"}],"nameUrl":"OperationDefinition-AssignIdentityByIdentifier.html","title":"assignIdentityByIdentifier","generation":"generated"},{"extension":[{"url":"http://hl7.org/fhir/tools/StructureDefinition/ig-page-name","valueUrl":"OperationDefinition-QueryPossibleMatches.html"}],"nameUrl":"OperationDefinition-QueryPossibleMatches.html","title":"queryPossibleMatches","generation":"generated"},{"extension":[{"url":"http://hl7.org/fhir/tools/StructureDefinition/ig-page-name","valueUrl":"OperationDefinition-RemovePossibleMatches.html"}],"nameUrl":"OperationDefinition-RemovePossibleMatches.html","title":"removePossibleMatches","generation":"generated"},{"extension":[{"url":"http://hl7.org/fhir/tools/StructureDefinition/ig-page-name","valueUrl":"OperationDefinition-SetReferenceIdentity.html"}],"nameUrl":"OperationDefinition-SetReferenceIdentity.html","title":"setReferenceIdentity","generation":"generated"},{"extension":[{"url":"http://hl7.org/fhir/tools/StructureDefinition/ig-page-name","valueUrl":"OperationDefinition-UpdatePatient.html"}],"nameUrl":"OperationDefinition-UpdatePatient.html","title":"updatePatient","generation":"generated"},{"extension":[{"url":"http://hl7.org/fhir/tools/StructureDefinition/ig-page-name","valueUrl":"StructureDefinition-Patient.html"}],"nameUrl":"StructureDefinition-Patient.html","title":"Patient","generation":"generated"},{"extension":[{"url":"http://hl7.org/fhir/tools/StructureDefinition/ig-page-name","valueUrl":"StructureDefinition-Person.html"}],"nameUrl":"StructureDefinition-Person.html","title":"Person","generation":"generated"},{"extension":[{"url":"http://hl7.org/fhir/tools/StructureDefinition/ig-page-name","valueUrl":"StructureDefinition-CustomIdatValues.html"}],"nameUrl":"StructureDefinition-CustomIdatValues.html","title":"Custom IDAT Values","generation":"generated"},{"extension":[{"url":"http://hl7.org/fhir/tools/StructureDefinition/ig-page-name","valueUrl":"ValueSet-BloomfilterTypeVS.html"}],"nameUrl":"ValueSet-BloomfilterTypeVS.html","title":"BloomfilterType","generation":"generated"},{"extension":[{"url":"http://hl7.org/fhir/tools/StructureDefinition/ig-page-name","valueUrl":"ValueSet-ConsentComponentTypeVS.html"}],"nameUrl":"ValueSet-ConsentComponentTypeVS.html","title":"ConsentComponentType","generation":"generated"},{"extension":[{"url":"http://hl7.org/fhir/tools/StructureDefinition/ig-page-name","valueUrl":"ValueSet-ConsentPolicyActionVS.html"}],"nameUrl":"ValueSet-ConsentPolicyActionVS.html","title":"ConsentPolicyAction","generation":"generated"},{"extension":[{"url":"http://hl7.org/fhir/tools/StructureDefinition/ig-page-name","valueUrl":"ValueSet-ConsentPolicyActorVS.html"}],"nameUrl":"ValueSet-ConsentPolicyActorVS.html","title":"ConsentPolicyActor","generation":"generated"},{"extension":[{"url":"http://hl7.org/fhir/tools/StructureDefinition/ig-page-name","valueUrl":"ValueSet-ConsentPolicyClassVS.html"}],"nameUrl":"ValueSet-ConsentPolicyClassVS.html","title":"ConsentPolicyClass","generation":"generated"},{"extension":[{"url":"http://hl7.org/fhir/tools/StructureDefinition/ig-page-name","valueUrl":"ValueSet-ConsentPolicyPurposeVS.html"}],"nameUrl":"ValueSet-ConsentPolicyPurposeVS.html","title":"ConsentPolicyPurpose","generation":"generated"},{"extension":[{"url":"http://hl7.org/fhir/tools/StructureDefinition/ig-page-name","valueUrl":"ValueSet-ConsentStatusVS.html"}],"nameUrl":"ValueSet-ConsentStatusVS.html","title":"ConsentStatus","generation":"generated"},{"extension":[{"url":"http://hl7.org/fhir/tools/StructureDefinition/ig-page-name","valueUrl":"ValueSet-ConsentStatusConsentFullValuesVS.html"}],"nameUrl":"ValueSet-ConsentStatusConsentFullValuesVS.html","title":"ConsentStatusConsentFullValues","generation":"generated"},{"extension":[{"url":"http://hl7.org/fhir/tools/StructureDefinition/ig-page-name","valueUrl":"ValueSet-ConsentStatusConsentOptOutFullValuesVS.html"}],"nameUrl":"ValueSet-ConsentStatusConsentOptOutFullValuesVS.html","title":"ConsentStatusConsentOptOutFullValues","generation":"generated"},{"extension":[{"url":"http://hl7.org/fhir/tools/StructureDefinition/ig-page-name","valueUrl":"ValueSet-ConsentStatusConsentOptOutShortValuesVS.html"}],"nameUrl":"ValueSet-ConsentStatusConsentOptOutShortValuesVS.html","title":"ConsentStatusConsentOptOutShortValues","generation":"generated"},{"extension":[{"url":"http://hl7.org/fhir/tools/StructureDefinition/ig-page-name","valueUrl":"ValueSet-ConsentStatusConsentShortValuesVS.html"}],"nameUrl":"ValueSet-ConsentStatusConsentShortValuesVS.html","title":"ConsentStatusConsentShortValues","generation":"generated"},{"extension":[{"url":"http://hl7.org/fhir/tools/StructureDefinition/ig-page-name","valueUrl":"ValueSet-ConsentStatusObjectionFullValuesVS.html"}],"nameUrl":"ValueSet-ConsentStatusObjectionFullValuesVS.html","title":"ConsentStatusObjectionFullValues","generation":"generated"},{"extension":[{"url":"http://hl7.org/fhir/tools/StructureDefinition/ig-page-name","valueUrl":"ValueSet-ConsentStatusObjectionShortValuesVS.html"}],"nameUrl":"ValueSet-ConsentStatusObjectionShortValuesVS.html","title":"ConsentStatusObjectionShortValues","generation":"generated"},{"extension":[{"url":"http://hl7.org/fhir/tools/StructureDefinition/ig-page-name","valueUrl":"ValueSet-ConsentStatusRefusalFullValuesVS.html"}],"nameUrl":"ValueSet-ConsentStatusRefusalFullValuesVS.html","title":"ConsentStatusRefusalFullValues","generation":"generated"},{"extension":[{"url":"http://hl7.org/fhir/tools/StructureDefinition/ig-page-name","valueUrl":"ValueSet-ConsentStatusRefusalShortValuesVS.html"}],"nameUrl":"ValueSet-ConsentStatusRefusalShortValuesVS.html","title":"ConsentStatusRefusalShortValues","generation":"generated"},{"extension":[{"url":"http://hl7.org/fhir/tools/StructureDefinition/ig-page-name","valueUrl":"ValueSet-ConsentStatusWithdrawalFullValuesVS.html"}],"nameUrl":"ValueSet-ConsentStatusWithdrawalFullValuesVS.html","title":"ConsentStatusWithdrawalFullValues","generation":"generated"},{"extension":[{"url":"http://hl7.org/fhir/tools/StructureDefinition/ig-page-name","valueUrl":"ValueSet-ConsentStatusWithdrawalShortValuesVS.html"}],"nameUrl":"ValueSet-ConsentStatusWithdrawalShortValuesVS.html","title":"ConsentStatusWithdrawalShortValues","generation":"generated"},{"extension":[{"url":"http://hl7.org/fhir/tools/StructureDefinition/ig-page-name","valueUrl":"ValueSet-IdatElementsVS.html"}],"nameUrl":"ValueSet-IdatElementsVS.html","title":"IdatElements","generation":"generated"},{"extension":[{"url":"http://hl7.org/fhir/tools/StructureDefinition/ig-page-name","valueUrl":"ValueSet-IdMatchingTypeVS.html"}],"nameUrl":"ValueSet-IdMatchingTypeVS.html","title":"IdMatchingType","generation":"generated"},{"extension":[{"url":"http://hl7.org/fhir/tools/StructureDefinition/ig-page-name","valueUrl":"ValueSet-MatchStatusVS.html"}],"nameUrl":"ValueSet-MatchStatusVS.html","title":"MatchStatus","generation":"generated"},{"extension":[{"url":"http://hl7.org/fhir/tools/StructureDefinition/ig-page-name","valueUrl":"ValueSet-PolicyVS.html"}],"nameUrl":"ValueSet-PolicyVS.html","title":"Policy","generation":"generated"},{"extension":[{"url":"http://hl7.org/fhir/tools/StructureDefinition/ig-page-name","valueUrl":"ValueSet-PolicyStatusVS.html"}],"nameUrl":"ValueSet-PolicyStatusVS.html","title":"PolicyStatus","generation":"generated"},{"extension":[{"url":"http://hl7.org/fhir/tools/StructureDefinition/ig-page-name","valueUrl":"ValueSet-SaveActionVS.html"}],"nameUrl":"ValueSet-SaveActionVS.html","title":"SaveAction","generation":"generated"},{"extension":[{"url":"http://hl7.org/fhir/tools/StructureDefinition/ig-page-name","valueUrl":"CodeSystem-BloomfilterTypeCS.html"}],"nameUrl":"CodeSystem-BloomfilterTypeCS.html","title":"BloomfilterType","generation":"generated"},{"extension":[{"url":"http://hl7.org/fhir/tools/StructureDefinition/ig-page-name","valueUrl":"CodeSystem-ConsentComponentTypeCS.html"}],"nameUrl":"CodeSystem-ConsentComponentTypeCS.html","title":"ConsentComponentType","generation":"generated"},{"extension":[{"url":"http://hl7.org/fhir/tools/StructureDefinition/ig-page-name","valueUrl":"CodeSystem-ConsentPolicyActionCS.html"}],"nameUrl":"CodeSystem-ConsentPolicyActionCS.html","title":"ConsentPolicyAction","generation":"generated"},{"extension":[{"url":"http://hl7.org/fhir/tools/StructureDefinition/ig-page-name","valueUrl":"CodeSystem-ConsentPolicyActorCS.html"}],"nameUrl":"CodeSystem-ConsentPolicyActorCS.html","title":"ConsentPolicyActor","generation":"generated"},{"extension":[{"url":"http://hl7.org/fhir/tools/StructureDefinition/ig-page-name","valueUrl":"CodeSystem-ConsentPolicyClassCS.html"}],"nameUrl":"CodeSystem-ConsentPolicyClassCS.html","title":"ConsentPolicyClass","generation":"generated"},{"extension":[{"url":"http://hl7.org/fhir/tools/StructureDefinition/ig-page-name","valueUrl":"CodeSystem-ConsentPolicyPurposeCS.html"}],"nameUrl":"CodeSystem-ConsentPolicyPurposeCS.html","title":"ConsentPolicyPurpose","generation":"generated"},{"extension":[{"url":"http://hl7.org/fhir/tools/StructureDefinition/ig-page-name","valueUrl":"CodeSystem-ConsentStatusCS.html"}],"nameUrl":"CodeSystem-ConsentStatusCS.html","title":"ConsentStatus","generation":"generated"},{"extension":[{"url":"http://hl7.org/fhir/tools/StructureDefinition/ig-page-name","valueUrl":"CodeSystem-DesignationUseCS.html"}],"nameUrl":"CodeSystem-DesignationUseCS.html","title":"DesignationUse","generation":"generated"},{"extension":[{"url":"http://hl7.org/fhir/tools/StructureDefinition/ig-page-name","valueUrl":"CodeSystem-IdatElementsCS.html"}],"nameUrl":"CodeSystem-IdatElementsCS.html","title":"IdatElements","generation":"generated"},{"extension":[{"url":"http://hl7.org/fhir/tools/StructureDefinition/ig-page-name","valueUrl":"CodeSystem-IdMatchingTypeCS.html"}],"nameUrl":"CodeSystem-IdMatchingTypeCS.html","title":"IdMatchingType","generation":"generated"},{"extension":[{"url":"http://hl7.org/fhir/tools/StructureDefinition/ig-page-name","valueUrl":"CodeSystem-MatchStatusCS.html"}],"nameUrl":"CodeSystem-MatchStatusCS.html","title":"MatchStatus","generation":"generated"},{"extension":[{"url":"http://hl7.org/fhir/tools/StructureDefinition/ig-page-name","valueUrl":"CodeSystem-PolicyCS.html"}],"nameUrl":"CodeSystem-PolicyCS.html","title":"Policy","generation":"generated"},{"extension":[{"url":"http://hl7.org/fhir/tools/StructureDefinition/ig-page-name","valueUrl":"CodeSystem-SaveActionCS.html"}],"nameUrl":"CodeSystem-SaveActionCS.html","title":"SaveAction","generation":"generated"},{"extension":[{"url":"http://hl7.org/fhir/tools/StructureDefinition/ig-page-name","valueUrl":"OperationOutcome-AssignIdentityByIdentifier-example1.html"}],"nameUrl":"OperationOutcome-AssignIdentityByIdentifier-example1.html","title":"AssignIdentityByIdentifier-example1","generation":"generated"},{"extension":[{"url":"http://hl7.org/fhir/tools/StructureDefinition/ig-page-name","valueUrl":"OperationOutcome-OperationOutcome-AssignIdentity-response-example-1.html"}],"nameUrl":"OperationOutcome-OperationOutcome-AssignIdentity-response-example-1.html","title":"OperationOutcome-AssignIdentity-response-example-1","generation":"generated"},{"extension":[{"url":"http://hl7.org/fhir/tools/StructureDefinition/ig-page-name","valueUrl":"OperationOutcome-OperationOutcome-RemovePossibleMatches-response-example-1.html"}],"nameUrl":"OperationOutcome-OperationOutcome-RemovePossibleMatches-response-example-1.html","title":"OperationOutcome-RemovePossibleMatches-response-example-1","generation":"generated"},{"extension":[{"url":"http://hl7.org/fhir/tools/StructureDefinition/ig-page-name","valueUrl":"Parameters-Parameters-AddPatient-request-example-1.html"}],"nameUrl":"Parameters-Parameters-AddPatient-request-example-1.html","title":"Parameters-AddPatient-request-example-1","generation":"generated"},{"extension":[{"url":"http://hl7.org/fhir/tools/StructureDefinition/ig-page-name","valueUrl":"Parameters-Parameters-AddPatient-response-example-1.html"}],"nameUrl":"Parameters-Parameters-AddPatient-response-example-1.html","title":"Parameters-AddPatient-response-example-1","generation":"generated"},{"extension":[{"url":"http://hl7.org/fhir/tools/StructureDefinition/ig-page-name","valueUrl":"Parameters-Parameters-AddPossibleMatch-request-example-1.html"}],"nameUrl":"Parameters-Parameters-AddPossibleMatch-request-example-1.html","title":"Parameters-AddPossibleMatch-request-example-1","generation":"generated"},{"extension":[{"url":"http://hl7.org/fhir/tools/StructureDefinition/ig-page-name","valueUrl":"Parameters-Parameters-AddPossibleMatch-response-example-1.html"}],"nameUrl":"Parameters-Parameters-AddPossibleMatch-response-example-1.html","title":"Parameters-AddPossibleMatch-response-example-1","generation":"generated"},{"extension":[{"url":"http://hl7.org/fhir/tools/StructureDefinition/ig-page-name","valueUrl":"Parameters-Parameters-AssignIdentity-request-example-1.html"}],"nameUrl":"Parameters-Parameters-AssignIdentity-request-example-1.html","title":"Parameters-AssignIdentity-request-example-1","generation":"generated"},{"extension":[{"url":"http://hl7.org/fhir/tools/StructureDefinition/ig-page-name","valueUrl":"Parameters-Parameters-AssignIdentityByIdentifier-request-example-1.html"}],"nameUrl":"Parameters-Parameters-AssignIdentityByIdentifier-request-example-1.html","title":"Parameters-AssignIdentityByIdentifier-request-example-1","generation":"generated"},{"extension":[{"url":"http://hl7.org/fhir/tools/StructureDefinition/ig-page-name","valueUrl":"Parameters-Parameters-QueryPossibleMatches-request-example-1.html"}],"nameUrl":"Parameters-Parameters-QueryPossibleMatches-request-example-1.html","title":"Parameters-QueryPossibleMatches-request-example-1","generation":"generated"},{"extension":[{"url":"http://hl7.org/fhir/tools/StructureDefinition/ig-page-name","valueUrl":"Parameters-Parameters-QueryPossibleMatches-response-example-1.html"}],"nameUrl":"Parameters-Parameters-QueryPossibleMatches-response-example-1.html","title":"Parameters-QueryPossibleMatches-response-example-1","generation":"generated"},{"extension":[{"url":"http://hl7.org/fhir/tools/StructureDefinition/ig-page-name","valueUrl":"Parameters-Parameters-RemovePossibleMatches-request-example-1.html"}],"nameUrl":"Parameters-Parameters-RemovePossibleMatches-request-example-1.html","title":"Parameters-RemovePossibleMatches-request-example-1","generation":"generated"},{"extension":[{"url":"http://hl7.org/fhir/tools/StructureDefinition/ig-page-name","valueUrl":"Parameters-Parameters-SetReferenceIdentity-request-example-1.html"}],"nameUrl":"Parameters-Parameters-SetReferenceIdentity-request-example-1.html","title":"Parameters-SetReferenceIdentity-request-example-1","generation":"generated"},{"extension":[{"url":"http://hl7.org/fhir/tools/StructureDefinition/ig-page-name","valueUrl":"Parameters-Parameters-SetReferenceIdentity-response-example-1.html"}],"nameUrl":"Parameters-Parameters-SetReferenceIdentity-response-example-1.html","title":"Parameters-SetReferenceIdentity-response-example-1","generation":"generated"},{"extension":[{"url":"http://hl7.org/fhir/tools/StructureDefinition/ig-page-name","valueUrl":"Parameters-Parameters-UpdatePatient-request-example-1.html"}],"nameUrl":"Parameters-Parameters-UpdatePatient-request-example-1.html","title":"Parameters-UpdatePatient-request-example-1","generation":"generated"},{"extension":[{"url":"http://hl7.org/fhir/tools/StructureDefinition/ig-page-name","valueUrl":"Parameters-Parameters-UpdatePatient-response-example-1.html"}],"nameUrl":"Parameters-Parameters-UpdatePatient-response-example-1.html","title":"Parameters-UpdatePatient-response-example-1","generation":"generated"},{"extension":[{"url":"http://hl7.org/fhir/tools/StructureDefinition/ig-page-name","valueUrl":"Patient-Patient-example-1.html"}],"nameUrl":"Patient-Patient-example-1.html","title":"Patient-example-1","generation":"generated"},{"extension":[{"url":"http://hl7.org/fhir/tools/StructureDefinition/ig-page-name","valueUrl":"Patient-Patient-example-2.html"}],"nameUrl":"Patient-Patient-example-2.html","title":"Patient-example-2","generation":"generated"},{"extension":[{"url":"http://hl7.org/fhir/tools/StructureDefinition/ig-page-name","valueUrl":"Person-Person-example-1.html"}],"nameUrl":"Person-Person-example-1.html","title":"Person-example-1","generation":"generated"}]}]},"parameter":[{"code":"path-resource","value":"input/capabilities"},{"code":"path-resource","value":"input/examples"},{"code":"path-resource","value":"input/extensions"},{"code":"path-resource","value":"input/models"},{"code":"path-resource","value":"input/operations"},{"code":"path-resource","value":"input/profiles"},{"code":"path-resource","value":"input/resources"},{"code":"path-resource","value":"input/vocabulary"},{"code":"path-resource","value":"input/maps"},{"code":"path-resource","value":"input/testing"},{"code":"path-resource","value":"input/history"},{"code":"path-resource","value":"fsh-generated/resources"},{"code":"path-pages","value":"template/config"},{"code":"path-pages","value":"input/images"},{"code":"path-tx-cache","value":"input-cache/txcache"}]}}