{
  "resourceType" : "OperationOutcome",
  "id" : "OperationOutcome-RemovePossibleMatches-response-example-1",
  "text" : {
    "status" : "generated",
    "div" : "<div xmlns=\"http://www.w3.org/1999/xhtml\"><p class=\"res-header-id\"><b>Generated Narrative: OperationOutcome OperationOutcome-RemovePossibleMatches-response-example-1</b></p><a name=\"OperationOutcome-RemovePossibleMatches-response-example-1\"> </a><a name=\"hcOperationOutcome-RemovePossibleMatches-response-example-1\"> </a><h3>Issues</h3><table class=\"grid\"><tr><td style=\"display: none\">-</td><td><b>Severity</b></td><td><b>Code</b></td><td><b>Diagnostics</b></td></tr><tr><td style=\"display: none\">*</td><td>Information</td><td>Informational Note</td><td>removed 1 possible match(es).</td></tr></table></div>"
  },
  "issue" : [{
    "severity" : "information",
    "code" : "informational",
    "diagnostics" : "removed 1 possible match(es)."
  }]
}