{
  "resourceType" : "OperationOutcome",
  "id" : "AssignIdentityByIdentifier-example1",
  "text" : {
    "status" : "generated",
    "div" : "<div xmlns=\"http://www.w3.org/1999/xhtml\"><p class=\"res-header-id\"><b>Generated Narrative: OperationOutcome AssignIdentityByIdentifier-example1</b></p><a name=\"AssignIdentityByIdentifier-example1\"> </a><a name=\"hcAssignIdentityByIdentifier-example1\"> </a><h3>Issues</h3><table class=\"grid\"><tr><td style=\"display: none\">-</td><td><b>Severity</b></td><td><b>Code</b></td><td><b>Diagnostics</b></td></tr><tr><td style=\"display: none\">*</td><td>Information</td><td>Informational Note</td><td>identity moved.</td></tr></table></div>"
  },
  "issue" : [{
    "severity" : "information",
    "code" : "informational",
    "diagnostics" : "identity moved."
  }]
}