{
  "resourceType" : "Parameters",
  "id" : "Parameters-AddPatient-response-example-1",
  "parameter" : [{
    "name" : "matchResult",
    "part" : [{
      "name" : "sourceIdentity",
      "resource" : {
        "resourceType" : "Patient",
        "meta" : {
          "profile" : ["https://ths-greifswald.de/fhir/StructureDefinition/epix/Patient"]
        },
        "extension" : [{
          "extension" : [{
            "valueString" : "A38"
          },
          {
            "valueBoolean" : true
          }]
        }],
        "name" : [{
          "family" : "xxxxx",
          "given" : ["Stefanie"]
        }],
        "birthDate" : "1962-12-17"
      }
    },
    {
      "name" : "matchStatus",
      "valueCoding" : {
        "system" : "https://ths-greifswald.de/fhir/CodeSystem/epix/MatchStatus",
        "code" : "MATCH"
      }
    },
    {
      "name" : "mpiPerson",
      "resource" : {
        "resourceType" : "Person",
        "id" : "52",
        "meta" : {
          "lastUpdated" : "2021-06-17T08:28:03.200+02:00",
          "profile" : ["https://ths-greifswald.de/fhir/StructureDefinition/epix/Person"]
        },
        "identifier" : [{
          "system" : "https://ths-greifswald.de/fhir/epix/identifier/MPI",
          "value" : "1001000000066"
        }],
        "managingOrganization" : {
          "identifier" : {
            "value" : "MIRACUM"
          }
        },
        "active" : true,
        "link" : [{
          "target" : {
            "reference" : "Patient/52"
          }
        },
        {
          "target" : {
            "reference" : "Patient/53"
          },
          "assurance" : "level4"
        }]
      }
    },
    {
      "name" : "identity",
      "resource" : {
        "resourceType" : "Patient",
        "id" : "52",
        "meta" : {
          "versionId" : "1",
          "lastUpdated" : "2021-06-17T08:28:03.200+02:00",
          "source" : "dummy_safe_source",
          "profile" : ["https://ths-greifswald.de/fhir/StructureDefinition/epix/Patient"]
        },
        "extension" : [{
          "extension" : [{
            "valueString" : "A38"
          },
          {
            "valueBoolean" : true
          }]
        }],
        "identifier" : [{
          "system" : "https://ths-greifswald.de/fhir/epix/identifier/SystemXY",
          "value" : "ABC_12345"
        }],
        "active" : true,
        "name" : [{
          "family" : "xxxxx",
          "given" : ["Stefanie"]
        }],
        "gender" : "male",
        "birthDate" : "1962-12-17"
      }
    },
    {
      "name" : "identity",
      "resource" : {
        "resourceType" : "Patient",
        "id" : "53",
        "meta" : {
          "versionId" : "1",
          "lastUpdated" : "2021-06-17T08:28:24.180+02:00",
          "source" : "dummy_safe_source",
          "profile" : ["https://ths-greifswald.de/fhir/StructureDefinition/epix/Patient"]
        },
        "active" : true,
        "name" : [{
          "family" : "xxxxx",
          "given" : ["Stefanie"]
        }],
        "gender" : "male",
        "birthDate" : "1962-12-16"
      }
    }]
  }]
}